date,benzina,gasolio,brent_eur
2005-01-03,1.11575,1.01828,33.07588
2005-01-10,1.088,1.00439,34.44945
2005-01-17,1.08814,1.00431,35.047472
2005-01-24,1.09001,1.00431,34.463165000000004
2005-01-31,1.13211,1.0226,34.093752
2005-02-07,1.13587,1.02267,34.82752
2005-02-14,1.13588,1.02246,35.454734
2005-02-21,1.13604,1.02279,37.460511
2005-02-28,1.13604,1.02285,39.11936
2005-03-07,1.15878,1.04759,39.469229999999996
2005-03-14,1.1859,1.07272,41.748090000000005
2005-03-21,1.18598,1.07286,41.612387999999996
2005-04-04,1.18792,1.07463,40.889259
2005-04-11,1.23635,1.1228,39.982267
2005-04-18,1.23635,1.1228,42.068540999999996
2005-04-25,1.23489,1.12145,39.68671200000001
2005-05-02,1.23489,1.09292,39.605677
2005-05-09,1.21538,1.07272,38.558184
2005-05-16,1.20112,1.06262,38.255895
2005-05-23,1.18626,1.05268,40.33185
2005-05-30,1.18626,1.05268,44.283975
2005-06-06,1.19786,1.07455,43.45275
2005-06-13,1.21626,1.10235,47.00508799999999
2005-06-20,1.21644,1.10403,48.26372
2005-06-27,1.23119,1.12085,48.143718
2005-07-04,1.24579,1.13105,48.60864000000001
2005-07-11,1.24615,1.13197,47.873909999999995
2005-07-18,1.24767,1.13337,47.728061999999994
2005-07-25,1.2457,1.13213,48.944628
2005-08-01,1.24626,1.13213,49.40563
2005-08-08,1.24626,1.13282,53.452380000000005
2005-08-22,1.2756,1.15726,52.830128
2005-08-29,1.27705,1.1579,52.742304000000004
2005-09-05,1.30689,1.17913,50.64904000000001
2005-09-12,1.32984,1.2069,50.517313
2005-09-19,1.29646,1.17861,51.868908
2005-09-26,1.29342,1.17767,52.758227999999995
2005-10-03,1.33522,1.2171,48.854171
2005-10-10,1.33786,1.21809,49.159605000000006
2005-10-17,1.33407,1.21671,48.941911999999995
2005-10-24,1.29558,1.20815,49.241354
2005-10-31,1.25681,1.16902,50.119575
2005-11-07,1.25508,1.16734,46.90647
2005-11-14,1.24595,1.13833,46.631536000000004
2005-11-21,1.22662,1.11846,46.929030999999995
2005-11-28,1.22619,1.11846,48.69788
2005-12-05,1.20721,1.10809,48.530108
2005-12-12,1.21449,1.11485,47.549299000000005
2005-12-19,1.22803,1.12836,47.738648999999995
2006-01-02,1.21722,1.11779,51.618559999999995
2006-01-09,1.25571,1.15576,51.327144
2006-01-16,1.2597,1.15703,54.73832
2006-01-23,1.26008,1.15696,54.740736
2006-01-30,1.26032,1.15735,52.721463
2006-02-06,1.25818,1.15727,50.121456
2006-02-13,1.25792,1.15727,50.193808999999995
2006-02-20,1.22836,1.1372,52.72798
2006-02-27,1.22636,1.13798,53.31432600000001
2006-03-06,1.25601,1.16702,51.054619
2006-03-13,1.25601,1.16715,51.898504
2006-03-20,1.26181,1.1691,52.77681
2006-03-27,1.26148,1.16946,54.388932
2006-04-03,1.28665,1.16951,55.655559000000004
2006-04-10,1.28998,1.16961,57.921611999999996
2006-04-24,1.33802,1.20809,57.38375
2006-05-01,1.34206,1.21084,55.69041599999999
2006-05-08,1.34529,1.21262,55.802358000000005
2006-05-15,1.34422,1.20203,53.76957200000001
2006-05-22,1.33734,1.19822,55.434327
2006-05-29,1.33581,1.19647,54.97722
2006-06-05,1.3364,1.19699,55.74263200000001
2006-06-12,1.33672,1.19712,54.413920000000005
2006-06-19,1.33672,1.19712,55.888056000000006
2006-06-26,1.33672,1.19712,57.47011800000001
2006-07-03,1.35409,1.19712,57.381906
2006-07-10,1.36711,1.20187,61.081934999999994
2006-07-17,1.38508,1.20726,58.078125
2006-07-24,1.38742,1.20726,57.501065
2006-07-31,1.38716,1.20643,59.176473
2006-08-07,1.38858,1.20643,59.460305999999996
2006-08-14,1.38948,1.20669,56.36507999999999
2006-08-21,1.36207,1.20702,57.004070000000006
2006-08-28,1.32995,1.20681,53.867850000000004
2006-09-04,1.29331,1.18855,51.54537
2006-09-11,1.27134,1.1776,50.068698
2006-09-18,1.25156,1.1584,47.270824999999995
2006-09-25,1.23152,1.12868,49.309216
2006-10-02,1.23016,1.12714,47.48707099999999
2006-10-09,1.22003,1.11696,47.55052800000001
2006-10-16,1.21979,1.11696,47.314304
2006-10-23,1.21979,1.11696,47.935584
2006-10-30,1.21979,1.11702,46.509645
2006-11-06,1.22003,1.11681,46.490206
2006-11-13,1.21993,1.11614,45.988604
2006-11-20,1.21878,1.11376,45.850914
2006-11-27,1.21889,1.11387,48.458538000000004
2006-12-04,1.21922,1.11387,47.11028
2006-12-11,1.21922,1.11387,48.538105
2006-12-18,1.21922,1.11387,47.489136
2007-01-08,1.21868,1.11429,40.988595000000004
2007-01-15,1.20769,1.09803,41.212928
2007-01-22,1.19879,1.07986,42.799989
2007-01-29,1.19822,1.07972,45.045792
2007-02-05,1.19859,1.07934,45.372789
2007-02-12,1.20079,1.08168,44.866845000000005
2007-02-19,1.20146,1.08207,46.232272
2007-02-26,1.22166,1.09783,47.05664
2007-03-05,1.23149,1.09976,46.617737999999996
2007-03-12,1.24127,1.10892,45.291329999999995
2007-03-19,1.24075,1.10892,47.561904
2007-03-26,1.24043,1.10845,50.979659999999996
2007-04-02,1.2564,1.11386,51.00257599999999
2007-04-16,1.27621,1.12727,48.923342
2007-04-23,1.27961,1.12812,50.110325
2007-04-30,1.29363,1.12871,48.055098
2007-05-07,1.30943,1.1293,49.400735999999995
2007-05-14,1.31283,1.129,51.391625999999995
2007-05-21,1.32655,1.13189,52.59336
2007-05-28,1.34273,1.13933,51.360451999999995
2007-06-04,1.34385,1.14778,51.29908
2007-06-11,1.34621,1.15077,53.38809
2007-06-18,1.34614,1.1519,52.85115000000001
2007-06-25,1.35093,1.15635,52.736285
2007-07-02,1.35109,1.15781,55.48995600000001
2007-07-09,1.35235,1.15859,56.277035
2007-07-16,1.35888,1.1644,56.149248
2007-07-23,1.3567,1.16432,55.936710000000005
2007-07-30,1.34853,1.1725,54.275974999999995
2007-08-06,1.33293,1.18224,51.405817
2007-08-13,1.3024,1.17441,52.273523999999995
2007-08-20,1.30115,1.17143,51.616158000000006
2007-08-27,1.29362,1.16443,53.332653
2007-09-03,1.29797,1.16774,54.52334099999999
2007-09-10,1.30883,1.17352,54.931754
2007-09-17,1.3075,1.18859,56.27921
2007-09-24,1.31324,1.19745,55.474419
2007-10-01,1.31409,1.20316,55.82175000000001
2007-10-08,1.31148,1.20336,56.811915
2007-10-15,1.31183,1.20336,58.56921
2007-10-22,1.31346,1.20757,61.612942999999994
2007-10-29,1.31909,1.21384,63.470744
2007-11-05,1.33165,1.22938,63.492852000000006
2007-11-12,1.35642,1.25941,62.512326
2007-11-19,1.36044,1.26419,64.54224
2007-11-26,1.36388,1.28921,60.316884
2007-12-03,1.36344,1.29156,60.479072
2007-12-10,1.36199,1.29003,64.266645
2007-12-17,1.35866,1.28136,64.37065199999999
2007-12-31,1.35916,1.28095,65.652657
2008-01-07,1.37718,1.29583,61.63617599999999
2008-01-14,1.37194,1.28722,61.069012
2008-01-21,1.35599,1.2605,61.957440000000005
2008-01-28,1.35175,1.25485,60.443552
2008-02-04,1.35292,1.25877,63.365048
2008-02-11,1.35235,1.25879,64.461956
2008-02-18,1.36702,1.27886,65.413843
2008-02-25,1.38505,1.30905,65.93587
2008-03-03,1.38846,1.31345,66.70057
2008-03-10,1.38875,1.32507,68.6169
2008-03-17,1.38552,1.349,65.04624
2008-03-31,1.36313,1.32694,66.66395
2008-04-07,1.3642,1.32647,68.80612500000001
2008-04-14,1.3804,1.34601,72.031616
2008-04-21,1.38072,1.36636,74.4576
2008-04-28,1.39585,1.37711,74.269248
2008-05-05,1.4316,1.41136,80.99586000000001
2008-05-12,1.45908,1.44565,80.24358
2008-05-19,1.47316,1.46706,83.45485099999999
2008-05-26,1.4971,1.49351,82.16254
2008-06-02,1.4964,1.49021,87.267922
2008-06-09,1.50278,1.49785,87.302775
2008-06-16,1.52464,1.52034,86.41828800000002
2008-06-23,1.52503,1.52065,88.844292
2008-06-30,1.52497,1.52052,91.952214
2008-07-07,1.5283,1.52407,90.638577
2008-07-14,1.53235,1.52842,82.14989
2008-07-21,1.52412,1.51898,79.25698
2008-07-28,1.48964,1.48471,79.77323200000001
2008-08-04,1.46745,1.46236,75.523112
2008-08-11,1.4532,1.42788,76.635295
2008-08-18,1.44854,1.41855,77.00992000000001
2008-08-25,1.45035,1.41825,77.725075
2008-09-01,1.45413,1.41597,72.956681
2008-09-08,1.44569,1.39653,68.579224
2008-09-15,1.44453,1.37574,68.860393
2008-09-22,1.40547,1.35328,70.852422
2008-09-29,1.41339,1.36277,65.53954999999999
2008-10-06,1.40383,1.35963,55.234095
2008-10-13,1.35151,1.29776,51.90768
2008-10-20,1.29285,1.25268,49.15601
2008-10-27,1.26653,1.2323,51.302327999999996
2008-11-03,1.25569,1.21737,45.01975
2008-11-10,1.22251,1.20992,43.109952
2008-11-17,1.19976,1.19267,39.096211999999994
2008-11-24,1.15411,1.14863,42.123375
2008-12-01,1.14696,1.14185,31.211796
2008-12-08,1.12781,1.11302,34.705397999999995
2008-12-15,1.11459,1.08019,31.6272
2008-12-22,1.10218,1.05345,27.284906999999997
2009-01-05,1.08264,1.02249,33.066248
2009-01-12,1.11287,1.05218,35.002012
2009-01-19,1.13241,1.07011,37.22555199999999
2009-01-26,1.13643,1.061,35.910276
2009-02-02,1.14418,1.06259,35.729572
2009-02-09,1.14207,1.06593,34.830813
2009-02-16,1.13466,1.06117,32.615553999999996
2009-02-23,1.14329,1.03324,36.57942
2009-03-02,1.15623,1.02086,35.480835
2009-03-09,1.16068,1.01814,34.762341
2009-03-16,1.165,1.01883,37.713286
2009-03-23,1.16448,1.0265,39.083762
2009-03-30,1.18642,1.04153,39.658699
2009-04-06,1.17587,1.0323,40.993698
2009-04-20,1.19631,1.05182,38.985015
2009-04-27,1.19758,1.05519,39.83833
2009-05-04,1.18332,1.05186,42.604992
2009-05-11,1.22938,1.07109,41.481179999999995
2009-05-18,1.23404,1.06609,43.433388
2009-05-25,1.26306,1.06003,46.296431999999996
2009-06-01,1.27581,1.0647,48.904104000000004
2009-06-08,1.28337,1.09013,50.573052
2009-06-15,1.30507,1.10955,49.623067999999996
2009-06-22,1.31606,1.11809,49.043472
2009-06-29,1.29146,1.10162,46.989881999999994
2009-07-06,1.27943,1.09617,43.441256
2009-07-13,1.25953,1.07466,46.367496
2009-07-20,1.25129,1.06492,49.50527999999999
2009-07-27,1.2794,1.10277,50.31906
2009-08-03,1.28003,1.104,51.873591
2009-08-10,1.30744,1.12723,50.976639999999996
2009-08-17,1.3039,1.12363,51.799458
2009-08-24,1.29628,1.11892,50.90932600000001
2009-08-31,1.29207,1.11685,46.75395399999999
2009-09-07,1.27205,1.09485,46.462416
2009-09-14,1.27004,1.09299,48.483335999999994
2009-09-21,1.26719,1.0914,44.33339899999999
2009-09-28,1.241,1.07568,46.716440999999996
2009-10-05,1.23639,1.07916,47.516
2009-10-12,1.25118,1.08655,51.64489199999999
2009-10-19,1.26446,1.10649,52.608072
2009-10-26,1.28654,1.12657,51.0984
2009-11-02,1.29488,1.13457,51.098445000000005
2009-11-09,1.29308,1.12946,50.641165
2009-11-16,1.28261,1.11663,51.94016
2009-11-23,1.28877,1.12463,51.571676000000004
2009-11-30,1.28129,1.1175,52.201967999999994
2009-12-07,1.28107,1.11806,49.15873199999999
2009-12-14,1.27031,1.10888,51.403749999999995
2009-12-21,1.26398,1.11334,53.004926000000005
2009-12-28,1.27203,1.11697,54.40293300000001
2010-01-04,1.29397,1.13546,56.454506
2010-01-11,1.31076,1.15297,53.599161
2010-01-18,1.31594,1.15752,51.534508
2010-01-25,1.31383,1.14715,51.53695199999999
2010-02-01,1.3126,1.13604,50.925962000000006
2010-02-08,1.32082,1.14294,53.537760000000006
2010-02-15,1.30698,1.13523,57.430555
2010-02-22,1.3111,1.15508,56.943301000000005
2010-03-01,1.33318,1.18087,58.647248999999995
2010-03-08,1.35243,1.18181,57.692713000000005
2010-03-15,1.36315,1.18953,59.023331999999996
2010-03-22,1.37649,1.20084,59.11069500000001
2010-03-29,1.37749,1.20189,62.20940500000001
2010-04-12,1.39262,1.21994,63.701392
2010-04-19,1.39212,1.22321,65.18447499999999
2010-04-26,1.38967,1.2304,65.75488
2010-05-03,1.40464,1.24762,61.33237199999999
2010-05-10,1.39964,1.24573,62.430902
2010-05-17,1.39459,1.25103,57.014272000000005
2010-05-24,1.37259,1.22712,60.326299999999996
2010-05-31,1.35933,1.2161,60.19515
2010-06-07,1.37218,1.22993,61.383359999999996
2010-06-14,1.37618,1.23959,63.147006
2010-06-21,1.39159,1.25171,63.113148
2010-06-28,1.3957,1.24792,57.03340000000001
2010-07-05,1.37765,1.21959,59.679846000000005
2010-07-12,1.37237,1.21209,58.276084000000004
2010-07-19,1.36556,1.20736,60.00826000000001
2010-07-26,1.35544,1.20161,59.917152
2010-08-02,1.3628,1.21047,60.344448
2010-08-09,1.36678,1.2142,58.901262
2010-08-16,1.36594,1.21266,58.43519400000001
2010-08-23,1.35969,1.21096,60.047610000000006
2010-08-30,1.35036,1.20752,59.457585
2010-09-06,1.34991,1.20893,61.644791999999995
2010-09-13,1.35913,1.22245,59.94014399999999
2010-09-20,1.36474,1.22779,58.466331
2010-09-27,1.34796,1.2159,60.727124999999994
2010-10-04,1.34406,1.21167,60.266315999999996
2010-10-11,1.35447,1.22372,58.976485000000004
2010-10-18,1.35883,1.22915,59.46572799999999
2010-10-25,1.35157,1.2237,59.610235
2010-11-01,1.3529,1.22764,62.787186
2010-11-08,1.36398,1.23393,63.054102
2010-11-15,1.38146,1.25591,61.627238000000006
2010-11-22,1.37711,1.24888,64.621458
2010-11-29,1.38492,1.26041,68.15361
2010-12-06,1.41207,1.28561,68.375736
2010-12-13,1.41932,1.29523,69.513361
2010-12-20,1.41772,1.2925,71.480871
2011-01-03,1.4375,1.31212,72.29341799999999
2011-01-10,1.44469,1.31827,73.77316800000001
2011-01-17,1.4656,1.34035,71.66767999999999
2011-01-24,1.47051,1.34945,73.02399000000001
2011-01-31,1.46582,1.34589,73.47488
2011-02-07,1.46598,1.34685,74.875626
2011-02-14,1.46605,1.34768,74.829348
2011-02-21,1.47465,1.35803,81.548208
2011-02-28,1.50797,1.39209,82.93014699999999
2011-03-07,1.52487,1.41667,81.85096
2011-03-14,1.53148,1.42261,80.34343600000001
2011-03-21,1.52715,1.42526,82.08045899999999
2011-03-28,1.52136,1.42857,83.41049
2011-04-04,1.52301,1.42917,87.46449
2011-04-11,1.54987,1.45662,85.538505
2011-04-18,1.5548,1.45977,85.168731
2011-04-25,1.55133,1.4562,85.051284
2011-05-02,1.55247,1.45681,76.260044
2011-05-16,1.55081,1.40896,79.403535
2011-05-23,1.53832,1.40306,80.313946
2011-05-30,1.53732,1.40298,79.14188800000001
2011-06-06,1.5353,1.40179,82.78966
2011-06-13,1.53059,1.40385,79.111148
2011-06-20,1.52936,1.41169,74.067552
2011-06-27,1.50684,1.38481,76.953645
2011-07-04,1.55563,1.42862,82.925664
2011-07-18,1.5898,1.46457,82.665522
2011-07-25,1.59024,1.46531,81.099278
2011-08-01,1.59752,1.47398,76.58087400000001
2011-08-08,1.59274,1.46792,75.815454
2011-08-22,1.56884,1.44267,76.804992
2011-08-29,1.56791,1.44163,79.08032
2011-09-05,1.57539,1.44927,82.592748
2011-09-12,1.59044,1.4648,81.325834
2011-09-19,1.60545,1.48281,77.031373
2011-09-26,1.60402,1.4858,76.771996
2011-10-03,1.59412,1.48251,79.1453
2011-10-10,1.58594,1.47961,82.63840800000001
2011-10-17,1.58906,1.48121,78.839376
2011-10-24,1.5971,1.49104,77.684388
2011-10-31,1.58892,1.48935,81.167053
2011-11-07,1.59213,1.50136,83.017152
2011-11-14,1.59472,1.51618,79.59440000000001
2011-11-21,1.58757,1.52503,80.3852
2011-11-28,1.57698,1.5293,82.037228
2011-12-05,1.5753,1.52592,81.19345000000001
2011-12-12,1.67273,1.65831,79.27978499999999
2011-12-19,1.6735,1.65399,82.76213599999998
2011-12-26,1.67576,1.65305,82.983264
2012-01-02,1.68626,1.65311,88.887772
2012-01-09,1.69402,1.66402,87.148204
2012-01-16,1.70935,1.68151,84.943752
2012-01-23,1.71278,1.687,84.274906
2012-01-30,1.71762,1.68518,87.172464
2012-02-06,1.7268,1.68254,89.00309700000001
2012-02-13,1.73654,1.69114,90.928632
2012-02-20,1.75249,1.70209,93.236757
2012-02-27,1.76572,1.71295,93.68960500000001
2012-03-05,1.77122,1.71618,96.034554
2012-03-19,1.81829,1.73055,94.27294199999999
2012-03-26,1.82916,1.73572,92.086272
2012-04-02,1.84269,1.73819,94.251148
2012-04-09,1.85086,1.73708,93.16340100000001
2012-04-16,1.85626,1.7351,89.818188
2012-04-23,1.85382,1.73082,90.411735
2012-04-30,1.85192,1.72734,86.503474
2012-05-07,1.83102,1.72247,86.911692
2012-05-14,1.78678,1.69462,83.815622
2012-05-21,1.77745,1.68469,85.34648700000001
2012-05-28,1.77512,1.6792,79.16724900000001
2012-06-04,1.77829,1.67822,79.466583
2012-06-11,1.76817,1.66454,77.238793
2012-06-18,1.75534,1.64906,72.383688
2012-06-25,1.73053,1.62276,77.25222000000001
2012-07-02,1.71988,1.61352,79.907022
2012-07-09,1.74323,1.63469,83.57888000000001
2012-07-16,1.75758,1.64874,87.88904099999999
2012-07-23,1.77787,1.68295,86.411052
2012-07-30,1.77947,1.68782,87.936368
2012-08-06,1.78591,1.68927,91.884825
2012-08-13,1.81209,1.71127,92.18469699999999
2012-08-20,1.84742,1.7403,90.78112800000001
2012-08-27,1.87013,1.75924,91.071693
2012-09-03,1.87061,1.75994,89.126425
2012-09-10,1.88981,1.7778,88.859922
2012-09-17,1.87764,1.77315,85.860252
2012-09-24,1.84573,1.74741,87.416942
2012-10-01,1.84518,1.74667,85.952946
2012-10-08,1.83678,1.74468,88.48664000000001
2012-10-15,1.84542,1.74997,84.554478
2012-10-22,1.82477,1.74721,84.627375
2012-10-29,1.79539,1.73179,82.335288
2012-11-05,1.76335,1.71576,86.05404
2012-11-12,1.74658,1.70488,85.53664500000001
2012-11-19,1.7497,1.70751,85.862842
2012-11-26,1.75461,1.71226,85.524747
2012-12-03,1.75021,1.70791,82.77996999999999
2012-12-10,1.74258,1.69914,82.94308500000001
2012-12-17,1.74542,1.69737,82.642848
2013-01-14,1.75922,1.70029,84.040579
2013-01-21,1.74223,1.68313,84.189696
2013-01-28,1.7514,1.691,85.53837600000001
2013-02-04,1.76456,1.69441,88.97287
2013-02-11,1.77832,1.69686,88.044978
2013-02-18,1.79601,1.70501,86.54485
2013-02-25,1.81042,1.71096,84.78720000000001
2013-03-04,1.80972,1.70602,85.276905
2013-03-11,1.80382,1.69854,83.979354
2013-03-18,1.78822,1.68698,82.8982
2013-03-25,1.7804,1.67905,85.8156
2013-04-08,1.77104,1.6673,78.662619
2013-04-15,1.75309,1.64877,76.35183
2013-04-22,1.72285,1.6216,79.185616
2013-04-29,1.71115,1.60809,79.444875
2013-05-06,1.71309,1.60848,79.96913599999999
2013-05-13,1.70984,1.60518,81.504096
2013-05-20,1.71714,1.61503,79.381776
2013-05-27,1.73297,1.62806,77.23002699999999
2013-06-03,1.73648,1.63124,79.078728
2013-06-10,1.73546,1.62673,79.373349
2013-06-17,1.73116,1.62202,76.903511
2013-06-24,1.73215,1.62539,78.530392
2013-07-01,1.73503,1.62578,83.946196
2013-07-08,1.74069,1.63191,83.261412
2013-07-15,1.76213,1.65272,82.230463
2013-07-22,1.77141,1.66125,80.709727
2013-07-29,1.77129,1.66073,82.02845500000001
2013-08-05,1.76981,1.65968,81.100068
2013-08-12,1.76879,1.65831,82.82208
2013-08-19,1.76201,1.65296,82.980192
2013-08-26,1.76898,1.65996,86.225763
2013-09-02,1.78163,1.66975,88.111856
2013-09-09,1.78603,1.68074,84.833116
2013-09-16,1.77587,1.68171,80.757268
2013-09-23,1.75385,1.67751,80.342748
2013-09-30,1.73359,1.66238,80.737696
2013-10-07,1.73354,1.66307,82.18028000000001
2013-10-14,1.72867,1.6601,80.333158
2013-10-21,1.72666,1.65837,77.460092
2013-10-28,1.71723,1.65027,78.52167399999999
2013-11-04,1.70072,1.6339,78.619248
2013-11-11,1.7004,1.63338,80.3985
2013-11-18,1.70174,1.63538,81.91048
2013-11-25,1.71412,1.64643,80.709902
2013-12-02,1.72591,1.65681,81.441817
2013-12-09,1.72842,1.65762,79.184708
2013-12-16,1.72815,1.65597,81.759755
2014-01-06,1.72928,1.65665,78.4641
2014-01-13,1.72264,1.64969,78.63548
2014-01-20,1.71835,1.64194,78.881856
2014-01-27,1.71537,1.63949,78.88495999999999
2014-02-03,1.71375,1.63931,80.358638
2014-02-10,1.7111,1.63642,79.672032
2014-02-17,1.71466,1.63798,79.95981499999999
2014-02-24,1.71787,1.63692,79.021215
2014-03-03,1.71787,1.63583,78.5454
2014-03-10,1.7171,1.63536,78.029259
2014-03-17,1.71282,1.62735,77.517
2014-03-24,1.70455,1.61599,78.58850399999999
2014-03-31,1.71444,1.62279,77.884256
2014-04-07,1.72285,1.62743,77.299066
2014-04-14,1.7256,1.62862,79.28876699999999
2014-04-28,1.73754,1.6331,78.29339
2014-05-05,1.73896,1.63401,78.414452
2014-05-12,1.73634,1.62997,80.150425
2014-05-19,1.73487,1.62729,81.08109
2014-05-26,1.73939,1.62938,80.274117
2014-06-02,1.73927,1.63113,79.61113
2014-06-09,1.74027,1.62899,83.74194399999999
2014-06-16,1.74144,1.62938,84.419793
2014-06-23,1.75334,1.63747,83.01491
2014-06-30,1.75934,1.64262,81.386784
2014-07-07,1.7624,1.64338,78.384434
2014-07-14,1.76322,1.63775,79.29325599999999
2014-07-21,1.75878,1.62654,80.707194
2014-07-28,1.75795,1.62272,78.06386400000001
2014-08-04,1.75525,1.62308,78.313414
2014-08-11,1.75142,1.62287,77.27479199999999
2014-08-18,1.74872,1.62166,77.23917900000001
2014-08-25,1.74116,1.61822,78.579185
2014-09-01,1.73931,1.61749,77.85320399999999
2014-09-08,1.73693,1.61655,74.900943
2014-09-15,1.7349,1.61528,76.695005
2014-09-22,1.73005,1.612,76.4748
2014-09-29,1.72417,1.60704,73.746459
2014-10-06,1.72264,1.60605,71.437299
2014-10-13,1.71765,1.59882,67.51497599999999
2014-10-20,1.69797,1.58219,67.98240899999999
2014-10-27,1.68098,1.57013,68.55921
2014-11-03,1.66592,1.56269,66.96217
2014-11-10,1.65731,1.55626,63.408885
2014-11-17,1.64785,1.55105,64.85855600000001
2014-11-24,1.63472,1.54116,56.33746500000001
2014-12-01,1.62375,1.5316,56.216072999999994
2014-12-08,1.5956,1.50587,49.634625
2014-12-15,1.56586,1.47266,50.196564
2015-01-05,1.50575,1.42568,42.317895
2015-01-12,1.47282,1.38785,43.366948
2015-01-19,1.44829,1.35997,43.530438
2015-01-26,1.43704,1.34799,46.943841000000006
2015-02-02,1.44571,1.35619,51.07786
2015-02-09,1.47726,1.38776,54.033016
2015-02-16,1.51369,1.42398,52.915314
2015-02-23,1.53368,1.44655,55.896456
2015-03-02,1.5468,1.46027,55.083006
2015-03-09,1.56233,1.46837,52.095043
2015-03-16,1.57558,1.46749,51.121212
2015-03-23,1.57816,1.45647,51.806943999999994
2015-03-30,1.57803,1.45087,50.053955
2015-04-13,1.57467,1.44183,58.71663
2015-04-20,1.58472,1.45221,60.038016
2015-04-27,1.60177,1.46784,59.335488
2015-05-04,1.61062,1.47576,58.360575
2015-05-11,1.61671,1.48184,58.338492
2015-05-18,1.61612,1.48295,59.336349
2015-05-25,1.61423,1.48216,59.666156
2015-06-01,1.61616,1.48461,56.972669
2015-06-08,1.61901,1.48216,56.67823799999999
2015-06-15,1.62321,1.47415,55.508016000000005
2015-06-22,1.63153,1.47323,56.65565599999999
2015-06-29,1.62785,1.46359,54.275936
2015-07-06,1.6252,1.46032,52.604461
2015-07-13,1.62805,1.45338,52.73185
2015-07-20,1.62976,1.448,49.726048
2015-07-27,1.61644,1.43292,47.516321000000005
2015-08-03,1.5926,1.41722,44.317736999999994
2015-08-10,1.57419,1.40217,44.146612
2015-08-17,1.56333,1.39566,39.91388
2015-08-24,1.54291,1.38151,44.769724999999994
2015-08-31,1.50609,1.35108,44.505131
2015-09-07,1.49816,1.3572,42.454666
2015-09-14,1.50248,1.36963,41.991962
2015-09-21,1.48774,1.359,43.41438
2015-09-28,1.47823,1.35225,42.936773
2015-10-05,1.47302,1.34916,46.35306
2015-10-12,1.4805,1.35362,44.475443999999996
2015-10-19,1.47641,1.35005,43.560522999999996
2015-10-26,1.46132,1.33899,45.035172
2015-11-02,1.4558,1.3383,44.152762
2015-11-09,1.46265,1.34565,40.456997
2015-11-16,1.46079,1.34438,41.953604
2015-11-23,1.45034,1.33434,42.352326000000005
2015-11-30,1.45751,1.33851,39.4998
2015-12-07,1.46016,1.33309,34.5163
2015-12-14,1.45112,1.31181,33.936976
2015-12-21,1.43919,1.27833,34.517790000000005
2016-01-04,1.43007,1.25607,30.691539999999996
2016-01-11,1.42666,1.24732,26.511934000000004
2016-01-18,1.40938,1.22192,29.805116
2016-01-25,1.39209,1.19601,32.058072
2016-02-01,1.38746,1.18614,30.524572000000003
2016-02-08,1.39239,1.19752,29.627016
2016-02-15,1.3735,1.19298,29.646281
2016-02-22,1.36181,1.19203,32.10246
2016-02-29,1.36122,1.19942,35.188736
2016-03-07,1.37064,1.20728,36.221752
2016-03-14,1.39151,1.22971,36.556760000000004
2016-03-21,1.4067,1.24324,36.218064
2016-04-04,1.41336,1.2434,36.785574
2016-04-11,1.41123,1.22562,38.19953
2016-04-18,1.4262,1.23346,40.156922
2016-04-25,1.43874,1.24714,42.01749
2016-05-02,1.44696,1.26513,39.780415999999995
2016-05-16,1.44554,1.26848,43.40952
2016-05-23,1.46342,1.28946,44.373204
2016-05-30,1.47671,1.30985,43.673272000000004
2016-06-06,1.48445,1.3209,44.925006
2016-06-13,1.47997,1.31929,43.603956000000004
2016-06-20,1.47396,1.31776,43.54963599999999
2016-06-27,1.47098,1.31512,45.2143
2016-07-04,1.46826,1.31197,42.299096
2016-07-18,1.44871,1.30379,41.628159
2016-07-25,1.44446,1.29947,38.0017
2016-08-01,1.43249,1.2894,39.935967000000005
2016-08-08,1.42253,1.28214,42.085119999999996
2016-08-15,1.42652,1.2825,44.921952000000005
2016-08-22,1.44135,1.29071,44.583552000000005
2016-08-29,1.45476,1.30683,41.978412
2016-09-05,1.45677,1.30483,42.743303
2016-09-12,1.452,1.2991,41.023651
2016-09-19,1.45192,1.29749,40.878812
2016-09-26,1.4519,1.29681,43.643776
2016-10-03,1.45638,1.30242,46.363104
2016-10-10,1.47123,1.31838,47.352425000000004
2016-10-17,1.48287,1.3302,47.575464
2016-10-24,1.4872,1.33548,45.246042
2016-10-31,1.49482,1.34052,40.912608
2016-11-07,1.4871,1.33924,41.2237
2016-11-14,1.4739,1.32348,44.25927
2016-11-21,1.45841,1.31112,44.622904
2016-11-28,1.46814,1.32087,51.02902
2016-12-05,1.4786,1.33267,51.439643999999994
2016-12-12,1.49934,1.35005,52.830449
2016-12-19,1.50888,1.36906,52.755024
2017-01-02,1.53552,1.3919,54.21074
2017-01-09,1.55003,1.4049,52.095275
2017-01-16,1.54749,1.40012,51.849856
2017-01-23,1.54475,1.39733,51.894544
2017-01-30,1.54374,1.39546,52.679913000000006
2017-02-06,1.546,1.3976,53.28666
2017-02-13,1.54955,1.39997,52.584182000000006
2017-02-20,1.55514,1.40269,53.005733
2017-02-27,1.55524,1.403,52.62426
2017-03-06,1.55519,1.40359,48.138827
2017-03-13,1.5489,1.402,48.204088
2017-03-20,1.53901,1.39357,47.04588
2017-03-27,1.53213,1.38731,49.591521
2017-04-03,1.52707,1.383,52.163132000000004
2017-04-10,1.53809,1.39261,52.670736
2017-04-24,1.55928,1.41049,47.472621
2017-05-01,1.55583,1.40552,44.64663
2017-05-08,1.53966,1.3917,46.513516
2017-05-15,1.52924,1.3788,47.836203
2017-05-22,1.52519,1.376,46.632529999999996
2017-05-29,1.52383,1.37587,44.27568
2017-06-05,1.51938,1.3707,43.00758
2017-06-12,1.51193,1.36125,42.306146999999996
2017-06-19,1.50293,1.35291,40.685435999999996
2017-06-26,1.49026,1.34164,41.939584
2017-07-03,1.48899,1.33733,40.969341
2017-07-10,1.49068,1.33842,42.649519999999995
2017-07-17,1.48733,1.33472,41.211450000000006
2017-07-24,1.48983,1.33686,44.694520000000004
2017-07-31,1.49419,1.34145,44.53079
2017-08-07,1.49719,1.35186,44.0766
2017-08-14,1.49851,1.35375,44.82254399999999
2017-08-21,1.49935,1.35498,43.956267
2017-08-28,1.4993,1.3539,44.484075000000004
2017-09-04,1.50866,1.35852,44.685802
2017-09-11,1.52342,1.36886,46.576188
2017-09-18,1.52496,1.37548,47.59182
2017-09-25,1.52154,1.37324,48.70761
2017-10-02,1.52548,1.38285,47.404925999999996
2017-10-09,1.52577,1.38477,48.354386
2017-10-16,1.52414,1.38278,49.000875
2017-10-23,1.52378,1.38846,52.063016000000005
2017-10-30,1.52424,1.39036,53.46709800000001
2017-11-06,1.5329,1.40176,54.455695999999996
2017-11-13,1.54413,1.41362,53.180288
2017-11-20,1.5478,1.41731,53.527452
2017-11-27,1.54564,1.41488,53.59692999999999
2017-12-04,1.54584,1.41573,53.896339999999995
2017-12-11,1.54357,1.41331,53.796084
2017-12-18,1.54932,1.42035,55.025325
2018-01-01,1.55454,1.42658,56.212506000000005
2018-01-08,1.56151,1.43568,57.335322000000005
2018-01-15,1.56662,1.44124,56.136702
2018-01-22,1.57137,1.44652,56.775652
2018-01-29,1.57283,1.44778,55.03545
2018-02-05,1.57342,1.44759,51.324546
2018-02-12,1.56991,1.44329,52.26104000000001
2018-02-19,1.55348,1.42446,54.756685000000004
2018-02-26,1.54671,1.41868,52.262003
2018-03-05,1.54887,1.42466,53.21717399999999
2018-03-19,1.5442,1.41938,57.03632
2018-03-26,1.54708,1.42282,57.024105
2018-04-02,1.55406,1.42997,54.634251000000006
2018-04-09,1.55626,1.43251,58.86238
2018-04-16,1.56298,1.4393,60.270027999999996
2018-04-23,1.57332,1.45022,61.533216
2018-04-30,1.58517,1.4629,62.606294000000005
2018-05-07,1.5926,1.47026,64.57257600000001
2018-05-14,1.60599,1.48345,66.662841
2018-05-21,1.62324,1.50152,65.608452
2018-05-28,1.64244,1.52122,65.85510400000001
2018-06-04,1.64866,1.52871,64.975708
2018-06-11,1.64807,1.52815,63.261216000000005
2018-06-18,1.64527,1.52476,64.814345
2018-06-25,1.63672,1.51628,67.984752
2018-07-02,1.63224,1.51155,65.643743
2018-07-09,1.63266,1.51189,64.467414
2018-07-16,1.6324,1.51094,62.35063099999999
2018-07-23,1.6293,1.50711,63.733391000000005
2018-07-30,1.6277,1.50534,63.290045
2018-08-06,1.62876,1.5062,63.810684
2018-08-13,1.6293,1.50587,62.80815199999999
2018-08-20,1.62786,1.50512,65.24311
2018-08-27,1.62898,1.50686,66.728298
2018-09-03,1.63366,1.51318,66.504048
2018-09-10,1.64255,1.52447,67.141782
2018-09-17,1.64269,1.52541,67.06667999999999
2018-09-24,1.6418,1.52491,71.255008
2018-10-01,1.6442,1.5284,73.034048
2018-10-08,1.65758,1.54839,69.563907
2018-10-15,1.66505,1.56552,69.28893000000001
2018-10-22,1.66121,1.56714,68.05721600000001
2018-10-29,1.6557,1.56531,63.959306
2018-11-05,1.64926,1.56223,61.91279600000001
2018-11-12,1.63686,1.55438,58.461732000000005
2018-11-19,1.61937,1.5438,51.84396
2018-11-26,1.59569,1.52655,51.882027
2018-12-03,1.5653,1.50148,54.201763
2018-12-10,1.5335,1.47467,53.299576
2018-12-17,1.52036,1.46096,47.329308
2019-01-07,1.486,1.42888,52.73856
2019-01-14,1.48255,1.42601,55.18227
2019-01-21,1.49159,1.43628,54.039788
2019-01-28,1.4945,1.44068,54.78075
2019-02-04,1.49938,1.44562,54.80946
2019-02-11,1.50824,1.45168,58.65775
2019-02-18,1.51776,1.46193,59.17299200000001
2019-02-25,1.53468,1.47985,57.196529999999996
2019-03-04,1.54233,1.48687,58.48230399999999
2019-03-11,1.54872,1.49317,59.302279999999996
2019-03-18,1.55403,1.49638,59.247817000000005
2019-03-25,1.56282,1.49719,60.962846
2019-04-01,1.57356,1.49771,62.715144
2019-04-08,1.5886,1.49916,63.30744
2019-04-15,1.60464,1.5055,63.501270000000005
2019-04-22,1.61523,1.51149,64.25211
2019-04-29,1.62587,1.5197,62.515781000000004
2019-05-06,1.62781,1.51907,61.986564
2019-05-13,1.62582,1.51833,63.856086000000005
2019-05-20,1.62417,1.51775,60.216975
2019-05-27,1.63114,1.52463,55.431458
2019-06-03,1.6219,1.51436,54.867632
2019-06-10,1.60595,1.49742,54.433122
2019-06-17,1.59579,1.48677,56.696665
2019-06-24,1.59001,1.48069,56.945304
2019-07-01,1.58876,1.47885,56.87505600000001
2019-07-08,1.59042,1.4809,58.863482000000005
2019-07-15,1.59675,1.48447,55.497708
2019-07-22,1.59993,1.48701,56.956956
2019-07-29,1.59201,1.47829,55.200264
2019-08-05,1.59234,1.47879,51.957851
2019-08-12,1.57993,1.46693,52.442871999999994
2019-08-19,1.5718,1.4588,52.761239999999994
2019-08-26,1.56866,1.45684,53.911575
2019-09-02,1.56606,1.455,54.918819
2019-09-09,1.56519,1.45498,53.50275
2019-09-16,1.5705,1.46315,58.340528
2019-09-23,1.58968,1.48309,56.598122
2019-09-30,1.59192,1.48567,53.169233
2019-10-07,1.58551,1.47913,54.803906999999995
2019-10-14,1.57907,1.47295,53.192784
2019-10-21,1.57444,1.46994,55.979252
2019-10-28,1.57189,1.46793,55.24339499999999
2019-11-04,1.57241,1.46923,56.727824999999996
2019-11-11,1.57373,1.47029,57.27384
2019-11-18,1.57381,1.46999,57.501069
2019-11-25,1.5765,1.47024,56.667711
2019-12-02,1.58078,1.47632,58.227877
2019-12-09,1.58043,1.47608,58.645824
2019-12-16,1.57801,1.47437,59.697964
2020-01-06,1.59014,1.48921,58.430016
2020-01-13,1.59376,1.49337,58.48173
2020-01-20,1.58711,1.48857,55.051899
2020-01-27,1.58713,1.48232,52.42542399999999
2020-02-03,1.57049,1.46897,49.769239
2020-02-10,1.55468,1.45067,52.917824
2020-02-17,1.54714,1.44136,53.94285
2020-02-24,1.5455,1.43942,45.816588
2020-03-02,1.54015,1.43216,40.113747000000004
2020-03-09,1.52231,1.4142,30.47854
2020-03-16,1.49659,1.38903,25.226300000000002
2020-03-23,1.47747,1.36848,22.374675
2020-03-30,1.45654,1.34781,31.558572
2020-04-06,1.43681,1.32802,28.785312
2020-04-13,1.42227,1.3156,25.825176
2020-04-20,1.41126,1.30643,19.812704000000004
2020-04-27,1.39161,1.28706,24.078908
2020-05-04,1.37428,1.26715,28.569824999999998
2020-05-11,1.36201,1.25279,30.0495
2020-05-18,1.35675,1.24739,32.228262
2020-05-25,1.36677,1.25637,31.83233
2020-06-01,1.37148,1.26085,37.482029999999995
2020-06-08,1.37101,1.2604,34.411604999999994
2020-06-15,1.37777,1.26649,37.747393
2020-06-22,1.38538,1.27305,36.565228000000005
2020-06-29,1.39918,1.28553,38.0492
2020-07-06,1.40083,1.28779,38.2674
2020-07-13,1.4038,1.29032,37.751814
2020-07-20,1.4046,1.29083,37.18572
2020-07-27,1.40356,1.28974,36.7617
2020-08-03,1.40166,1.28834,37.66896
2020-08-10,1.39766,1.28432,37.829119999999996
2020-08-17,1.39823,1.28455,37.595495
2020-08-24,1.39968,1.28556,37.842
2020-08-31,1.40008,1.28519,36.034901999999995
2020-09-07,1.39848,1.28164,33.620503
2020-09-14,1.39204,1.27428,36.448805
2020-09-21,1.3887,1.26741,36.038624000000006
2020-09-28,1.38954,1.26494,33.520872000000004
2020-10-05,1.38824,1.26269,36.23396
2020-10-12,1.38863,1.261,36.632169
2020-10-19,1.38914,1.26048,35.216287
2020-10-26,1.38772,1.25851,32.15941
2020-11-02,1.38388,1.25477,33.22479
2020-11-09,1.37834,1.24872,36.153378
2020-11-16,1.38546,1.2553,37.928256000000005
2020-11-23,1.39324,1.26411,40.273662
2020-11-30,1.40362,1.27525,40.631249999999994
2020-12-07,1.40934,1.28379,41.255232
2020-12-14,1.41251,1.28831,42.638934
2020-12-21,1.42758,1.30431,42.021897
2020-12-28,1.43407,1.31179,42.672839999999994
2021-01-04,1.4415,1.31904,45.822216000000004
2021-01-11,1.45007,1.32498,45.61729
2021-01-18,1.46598,1.33945,45.541478999999995
2021-01-25,1.47616,1.34645,46.04512
2021-02-01,1.47999,1.35056,49.270002000000005
2021-02-08,1.4889,1.36065,51.510993
2021-02-15,1.50043,1.37294,51.913332
2021-02-22,1.51855,1.39091,54.762252999999994
2021-03-01,1.53658,1.40845,58.199976
2021-03-08,1.54965,1.42119,57.909452
2021-03-15,1.56615,1.43607,54.211653
2021-03-22,1.57877,1.44498,54.74890299999999
2021-03-29,1.57535,1.4403,55.137485999999996
2021-04-05,1.57422,1.43714,52.890589999999996
2021-04-12,1.57352,1.43518,55.712888
2021-04-19,1.57445,1.43566,54.639915
2021-04-26,1.57701,1.4376,55.952
2021-05-03,1.57894,1.43883,56.132988000000005
2021-05-10,1.58782,1.4472,56.589555999999995
2021-05-17,1.59307,1.45265,54.547239999999995
2021-05-24,1.59241,1.45133,57.110526
2021-05-31,1.59002,1.44799,59.086391
2021-06-07,1.59904,1.45756,60.034670999999996
2021-06-14,1.60546,1.46481,61.976281
2021-06-21,1.61447,1.47415,63.831222000000004
2021-06-28,1.62461,1.48576,64.196076
2021-07-05,1.63434,1.49454,63.62065499999999
2021-07-12,1.6496,1.50791,62.33073
2021-07-19,1.65526,1.51284,62.94795
2021-07-26,1.65359,1.51057,64.300392
2021-08-02,1.65553,1.51017,60.10914
2021-08-09,1.65741,1.50998,59.86032
2021-08-16,1.65616,1.50775,55.722382
2021-08-23,1.65239,1.50343,61.64233
2021-08-30,1.65023,1.49996,61.108576
2021-09-06,1.65519,1.5041,61.719488000000005
2021-09-13,1.66209,1.51006,64.24995200000001
2021-09-20,1.67067,1.51664,66.657624
2021-09-27,1.67636,1.52347,68.37107200000001
2021-10-04,1.68689,1.53673,71.217916
2021-10-11,1.71307,1.56713,73.157806
2021-10-18,1.73384,1.59318,73.42750500000001
2021-10-25,1.74584,1.6079,72.980262
2021-11-01,1.74925,1.61308,71.52873
2021-11-08,1.75076,1.61384,71.759061
2021-11-15,1.74956,1.61292,69.880762
2021-11-22,1.74687,1.61131,64.24812
2021-11-29,1.74276,1.60749,61.759944
2021-12-06,1.7329,1.59775,66.43260000000001
2021-12-13,1.72535,1.59037,65.410744
2021-12-20,1.72246,1.58714,67.26969
2021-12-27,1.71959,1.58532,68.415288
2022-01-03,1.72306,1.58792,71.95635
2022-01-10,1.7334,1.59801,75.38856
2022-01-17,1.75431,1.62024,77.492613
2022-01-24,1.77864,1.64714,80.783919
2022-01-31,1.79672,1.66729,81.480672
2022-02-07,1.81932,1.69059,83.20164
2022-02-14,1.83526,1.70819,82.614528
2022-02-21,1.84994,1.72236,86.903082
2022-02-28,1.86886,1.74047,108.094272
2022-03-07,1.95314,1.82933,103.262055
2022-03-14,2.18458,2.15463,97.67665000000001
2022-03-21,2.13719,2.12456,109.851825
2022-03-28,1.87044,1.85788,94.43119399999999
2022-04-04,1.79272,1.78817,94.485654
2022-04-11,1.76536,1.76056,103.35601
2022-04-18,1.75724,1.75073,98.80056
2022-04-25,1.76628,1.76742,103.70899
2022-05-02,1.77828,1.79112,106.500764
2022-05-09,1.80827,1.8306,107.13262
2022-05-16,1.82314,1.82796,106.56233999999999
2022-05-23,1.87311,1.81995,111.32070300000001
2022-05-30,1.88546,1.81279,111.67481599999999
2022-06-06,1.94054,1.85152,116.019309
2022-06-13,2.01426,1.93527,107.735488
2022-06-20,2.06348,2.00604,107.15857600000001
2022-06-27,2.07398,2.03383,107.042007
2022-07-04,2.06505,2.02253,105.072236
2022-07-11,2.02844,1.98163,100.269792
2022-07-18,1.98871,1.94089,101.05344
2022-07-25,1.93748,1.89446,107.64478500000001
2022-08-01,1.87715,1.85165,93.21144
2022-08-08,1.8306,1.81128,95.66680500000001
2022-08-15,1.77022,1.75653,96.37180799999999
2022-08-22,1.74931,1.7444,101.363663
2022-08-29,1.76148,1.80869,93.45719399999999
2022-09-05,1.74658,1.8384,92.459356
2022-09-12,1.72222,1.82779,91.19470499999998
2022-09-19,1.69149,1.80309,88.88957
2022-09-26,1.65612,1.76173,89.745588
2022-10-03,1.63281,1.73833,100.505088
2022-10-10,1.65978,1.78898,94.25978099999999
2022-10-17,1.69759,1.88267,94.809
2022-10-24,1.69124,1.88008,96.105195
2022-10-31,1.67774,1.86554,98.944566
2022-11-07,1.68773,1.85856,92.70714199999999
2022-11-14,1.70993,1.85246,84.86873200000001
2022-11-21,1.69711,1.80992,80.435334
2022-11-28,1.6598,1.74793,81.18881599999999
2022-12-05,1.68944,1.76468,72.25694999999999
2022-12-12,1.70159,1.77008,74.676992
2022-12-19,1.66296,1.71714,79.05264
2022-12-26,1.62522,1.68977,80.265713
2023-01-09,1.81201,1.86813,78.747552
2023-01-16,1.81358,1.86368,80.724756
2023-01-23,1.82947,1.8751,79.735866
2023-01-30,1.87131,1.91232,74.056416
2023-02-06,1.87237,1.89704,80.895596
2023-02-13,1.85974,1.85317,77.61330000000001
2023-02-20,1.86001,1.83658,78.843996
2023-02-27,1.85645,1.82171,80.714532
2023-03-06,1.85284,1.80906,77.77181
2023-03-13,1.85993,1.81258,68.402078
2023-03-20,1.85534,1.8018,69.68820699999999
2023-03-27,1.85086,1.80067,73.587825
2023-04-03,1.85814,1.76677,78.0976
2023-04-10,1.87528,1.76722,78.45579000000001
2023-04-17,1.8857,1.76649,74.3106
2023-04-24,1.87795,1.74561,72.16664200000001
2023-05-01,1.85754,1.71083,68.33475
2023-05-08,1.83476,1.67986,68.362489
2023-05-15,1.8116,1.65414,69.956848
2023-05-22,1.80754,1.65033,71.74818
2023-05-29,1.81847,1.6623,71.09780699999999
2023-06-05,1.82223,1.66144,69.57713700000001
2023-06-12,1.83144,1.66844,70.036862
2023-06-19,1.84097,1.67735,67.80906999999999
2023-06-26,1.85243,1.69032,68.64585000000001
2023-07-03,1.84649,1.68502,71.54109899999999
2023-07-10,1.84485,1.68377,71.132222
2023-07-17,1.85958,1.70327,72.89003699999999
2023-07-24,1.86404,1.70959,77.153922
2023-07-31,1.89795,1.7461,78.323168
2023-08-07,1.92924,1.79641,79.309616
2023-08-14,1.93906,1.82771,78.02448
2023-08-21,1.94616,1.84534,78.211584
2023-08-28,1.94772,1.84735,82.183255
2023-09-04,1.95447,1.85561,84.72149
2023-09-11,1.96959,1.8767,88.14391200000001
2023-09-18,1.99729,1.92402,87.543222
2023-09-25,2.00189,1.93824,90.153729
2023-10-02,1.99158,1.93212,79.88580999999999
2023-10-09,1.96269,1.92163,86.472746
2023-10-16,1.91868,1.8973,86.989824
2023-10-23,1.89548,1.8837,85.63932
2023-10-30,1.87285,1.86534,79.108991
2023-11-06,1.8542,1.84771,76.226623
2023-11-13,1.83498,1.82428,73.89518699999999
2023-11-20,1.81568,1.79653,73.65012
2023-11-27,1.80532,1.78541,72.482832
2023-12-04,1.79706,1.7734,70.46294400000001
2023-12-11,1.78008,1.7537,70.25759
2023-12-18,1.76591,1.73208,71.803467
2023-12-25,1.76479,1.72519,69.80594400000001
2024-01-01,1.77205,1.73066,71.97876400000001
2024-01-08,1.77366,1.73054,71.49442800000001
2024-01-15,1.76894,1.72452,72.086656
2024-01-22,1.7778,1.73414,76.974615
2024-01-29,1.81186,1.76689,71.700376
2024-02-05,1.82672,1.78561,76.214787
2024-02-12,1.83998,1.80149,77.46016
2024-02-19,1.86391,1.83256,75.433204
2024-02-26,1.85897,1.82636,77.08323
2024-03-04,1.85197,1.81273,75.037536
2024-03-11,1.85273,1.80071,78.376256
2024-03-18,1.85139,1.78997,79.056922
2024-03-25,1.87718,1.80072,81.05896800000001
2024-04-01,1.8872,1.79305,84.131676
2024-04-08,1.90079,1.79877,84.97777500000001
2024-04-15,1.91374,1.80687,81.921665
2024-04-22,1.92049,1.8025,83.69145
2024-04-29,1.91459,1.78987,77.10302399999999
2024-05-06,1.91229,1.77521,76.86223600000001
2024-05-13,1.89859,1.7533,77.244804
2024-05-20,1.88289,1.73326,75.706428
2024-05-27,1.87393,1.72241,75.278126
2024-06-03,1.8651,1.71095,73.712196
2024-06-10,1.85071,1.69499,77.200128
2024-06-17,1.84438,1.69432,79.716448
2024-06-24,1.84563,1.71581,80.646453
2024-07-01,1.85974,1.73752,79.850458
2024-07-08,1.87149,1.75172,77.95550399999999
2024-07-15,1.86984,1.75101,75.953496
2024-07-22,1.86218,1.74243,74.72073
2024-07-29,1.85145,1.73064,70.396365
2024-08-05,1.8386,1.71725,72.97652599999999
2024-08-12,1.82797,1.7052,72.25382400000001
2024-08-19,1.82212,1.69841,70.61227199999999
2024-08-26,1.81097,1.68424,71.32976
2024-09-02,1.79576,1.66807,64.110332
2024-09-09,1.78235,1.65545,64.65666900000001
2024-09-16,1.75944,1.63568,66.735591
2024-09-23,1.74298,1.62217,64.479684
2024-09-30,1.73483,1.61551,71.10355
2024-10-07,1.73141,1.61236,72.266272
2024-10-14,1.75747,1.63997,67.23711800000001
2024-10-21,1.76534,1.6453,70.45272
2024-10-28,1.7621,1.63545,67.47861
2024-11-04,1.75648,1.63193,68.92071000000001
2024-11-11,1.75636,1.63533,67.39564800000001
2024-11-18,1.75391,1.63442,72.133132
2024-11-25,1.75814,1.64888,68.96477
2024-12-02,1.76367,1.66154,67.293744
2024-12-09,1.75709,1.65542,70.929378
2024-12-16,1.75038,1.6478,69.934872
2024-12-23,1.7546,1.65328,71.12903
2024-12-30,1.75673,1.65603,74.222351
2025-01-06,1.77259,1.67186,76.96548499999999
2025-01-13,1.7931,1.69243,78.657144
2025-01-20,1.82306,1.7269,74.80265
2025-01-27,1.83125,1.73948,74.0734
2025-02-03,1.82349,1.73036,71.90595800000001
2025-02-10,1.82088,1.72408,71.22721999999999
2025-02-17,1.82464,1.72734,71.16252300000001
2025-02-24,1.82363,1.72695,70.530884
2025-03-03,1.81614,1.71908,64.506228
2025-03-10,1.80183,1.70375,64.870078
2025-03-17,1.78214,1.68335,66.72635199999999
2025-03-24,1.76714,1.66689,67.997305
2025-03-31,1.76176,1.65951,59.28636
2025-04-07,1.7612,1.65717,57.008228
2025-04-14,1.73873,1.63242,59.655288
2025-04-21,1.7161,1.60969,58.838913000000005
2025-04-28,1.70523,1.5988,53.941328999999996
2025-05-05,1.69676,1.58949,56.395613
2025-05-12,1.68968,1.57861,58.594278
2025-05-19,1.69871,1.59115,56.999922000000005
2025-05-26,1.69783,1.59857,55.321736
2025-06-02,1.69305,1.59157,57.68464800000001
2025-06-09,1.68977,1.58558,64.26091100000001
2025-06-16,1.69655,1.59369,66.836979
2025-06-23,1.73408,1.64308,57.828140999999995
2025-06-30,1.74725,1.67591,57.069779999999994
2025-07-07,1.73347,1.66366,59.16638
2025-07-14,1.72884,1.66284,59.594656
2025-07-21,1.72725,1.66372,58.290348
2025-07-28,1.72058,1.66036,59.353632000000005
2025-08-04,1.71269,1.64886,57.207469
2025-08-11,1.70933,1.64144,56.295165
2025-08-18,1.70128,1.63142,57.80755500000001
2025-08-25,1.69543,1.62204,58.297096
2025-09-01,1.69677,1.62247,55.564874
2025-09-08,1.70535,1.63015,57.09557699999999
2025-09-15,1.71083,1.63484,56.77135200000001
2025-09-22,1.71349,1.63835,59.933098
2025-09-29,1.7117,1.63771,54.953748000000004
2025-10-06,1.70886,1.63602,53.598168
2025-10-13,1.69929,1.62543,52.60520699999999
2025-10-20,1.69031,1.6158,56.721588
2025-10-27,1.68346,1.60883,56.40918299999999
2025-11-03,1.69483,1.63228,55.014498
