DATA_RILEVAZIONE,BENZINA,GASOLIO_AUTO,GPL,METANO,GNL,GASOLIO_RISCALDAMENTO,O.C._FLUIDO_BTZ,O.C._DENSO_BTZ
2005-01-03,"1.115,75","1.018,28","552,5",,,"948,5","553,25","229,52"
2005-01-10,1.088,"1.004,39","552,57",,,"947,94","554,22","238,37"
2005-01-17,"1.088,14","1.004,31","551,88",,,"952,42","562,78","245,89"
2005-01-24,"1.090,01","1.004,31","551,88",,,"963,98","573,42","243,84"
2005-01-31,"1.132,11","1.022,6","551,88",,,"972,95","579,23","242,53"
2005-02-07,"1.135,87","1.022,67","551,88",,,"955,66","565,28","250,24"
2005-02-14,"1.135,88","1.022,46","551,88",,,"963,5","567,19","246,86"
2005-02-21,"1.136,04","1.022,79","551,88",,,"968,29","567,01","242,84"
2005-02-28,"1.136,04","1.022,85","551,88",,,"989,42","571,97","258,17"
2005-03-07,"1.158,78","1.047,59","552,37",,,"1.012,05","587,08","266,79"
2005-03-14,"1.185,9","1.072,72","553,56",,,1.007,"587,2","273,09"
2005-03-21,"1.185,98","1.072,86","553,56",,,"1.014,9","589,28","276,86"
2005-04-04,"1.187,92","1.074,63","553,56",,,"1.025,15","603,17","289,78"
2005-04-11,"1.236,35","1.122,8","553,81",,,"1.030,84","608,22","313,53"
2005-04-18,"1.236,35","1.122,8","553,81",,,"1.018,49","602,77","289,2"
2005-04-25,"1.234,89","1.121,45","553,81",,,"1.016,08","605,23","294,82"
2005-05-02,"1.234,89","1.092,92","553,2",,,"1.008,37","600,28","289,41"
2005-05-09,"1.215,38","1.072,72","553,2",,,"1.000,75","592,43","279,99"
2005-05-16,"1.201,12","1.062,62","553,2",,,"986,34","578,27","284,06"
2005-05-23,"1.186,26","1.052,68","553,2",,,"990,43","585,79","292,33"
2005-05-30,"1.186,26","1.052,68","553,2",,,1.001,"594,08","287,22"
2005-06-06,"1.197,86","1.074,55","553,2",,,"1.024,37","600,94","290,06"
2005-06-13,"1.216,26","1.102,35","553,2",,,"1.039,01","610,85","292,25"
2005-06-20,"1.216,44","1.104,03","553,2",,,"1.050,01","617,81","311,35"
2005-06-27,"1.231,19","1.120,85","553,2",,,"1.059,54","635,86","328,78"
2005-07-04,"1.245,79","1.131,05","553,44",,,"1.064,42","645,06","316,56"
2005-07-11,"1.246,15","1.131,97","553,44",,,"1.081,69","647,88","329,41"
2005-07-18,"1.247,67","1.133,37","553,44",,,"1.072,66","645,16","325,33"
2005-07-25,"1.245,7","1.132,13","553,44",,,"1.056,69","647,26","319,07"
2005-08-01,"1.246,26","1.132,13","553,44",,,"1.062,67","639,43","321,7"
2005-08-08,"1.246,26","1.132,82","553,44",,,"1.065,31","649,28","321,56"
2005-08-22,"1.275,6","1.157,26","555,16",,,"1.087,73","646,84","326,21"
2005-08-29,"1.277,05","1.157,9","555,16",,,"1.111,53","665,08","329,28"
2005-09-05,"1.306,89","1.179,13","555,16",,,"1.148,23","688,76","359,42"
2005-09-12,"1.329,84","1.206,9","578,22",,,"1.121,71",677,"350,45"
2005-09-19,"1.296,46","1.178,61",579,,,"1.124,51","685,98","356,72"
2005-09-26,"1.293,42","1.177,67","579,54",,,"1.134,44","699,53","373,2"
2005-10-03,"1.335,22","1.217,1","593,24",,,"1.149,46","695,83","371,83"
2005-10-10,"1.337,86","1.218,09",599,,,"1.136,83","691,57","352,13"
2005-10-17,"1.334,07","1.216,71",599,,,"1.145,53","702,95","368,85"
2005-10-24,"1.295,58","1.208,15",599,,,"1.125,59","698,92","363,41"
2005-10-31,"1.256,81","1.169,02","601,29",,,"1.123,6","698,32","361,23"
2005-11-07,"1.255,08","1.167,34","604,47",,,"1.104,32","685,58","343,69"
2005-11-14,"1.245,95","1.138,33","606,56",,,"1.091,94","686,04","345,84"
2005-11-21,"1.226,62","1.118,46","625,92",,,"1.090,86","683,43","351,99"
2005-11-28,"1.226,19","1.118,46",629,,,"1.074,63","687,79","337,54"
2005-12-05,"1.207,21","1.108,09","636,75",,,"1.084,77","680,99","328,18"
2005-12-12,"1.214,49","1.114,85","636,75",,,"1.087,86","686,23","352,95"
2005-12-19,"1.228,03","1.128,36","637,51",,,"1.095,41","690,18","351,14"
2006-01-02,"1.217,22","1.117,79","637,51",,,"1.083,07","678,95","346,67"
2006-01-09,"1.255,71","1.155,76",664,,,"1.107,53","691,96","361,94"
2006-01-16,"1.259,7","1.157,03","669,73",,,"1.102,09","691,8","361,72"
2006-01-23,"1.260,08","1.156,96","671,44",,,"1.116,32","699,98","376,44"
2006-01-30,"1.260,32","1.157,35","675,35",,,"1.110,95","702,32","370,48"
2006-02-06,"1.258,18","1.157,27","675,85",,,"1.112,36","707,54","380,1"
2006-02-13,"1.257,92","1.157,27","675,85",,,"1.102,37","708,79","383,96"
2006-02-20,"1.228,36","1.137,2","675,85",,,"1.100,1","706,96","380,09"
2006-02-27,"1.226,36","1.137,98","675,85",,,"1.103,23","712,66","386,8"
2006-03-06,"1.256,01","1.167,02","681,24",,,"1.123,43","718,1","375,52"
2006-03-13,"1.256,01","1.167,15","681,24",,,"1.111,32","707,63","365,2"
2006-03-20,"1.261,81","1.169,1","681,24",,,"1.114,32","714,85","370,67"
2006-03-27,"1.261,48","1.169,46","681,24",,,"1.116,45","707,04","362,82"
2006-04-03,"1.286,65","1.169,51","673,49",,,"1.122,74","716,71","360,01"
2006-04-10,"1.289,98","1.169,61","655,18",,,"1.122,03","710,32","360,77"
2006-04-24,"1.338,02","1.208,09","651,59",,,"1.148,88","716,7","370,58"
2006-05-01,"1.342,06","1.210,84","651,59",,,"1.150,1","706,94","365,64"
2006-05-02,"1.342,06","1.210,84","651,59",,,"1.150,1","706,94","365,64"
2006-05-08,"1.345,29","1.212,62","651,59",,,"1.143,71","717,34","362,56"
2006-05-15,"1.344,22","1.202,03","651,59",,,"1.155,61","706,99","362,43"
2006-05-22,"1.337,34","1.198,22","651,59",,,"1.136,2","712,54","355,75"
2006-05-29,"1.335,81","1.196,47","651,59",,,"1.134,69","713,79","360,22"
2006-06-05,"1.336,4","1.196,99","651,59",,,"1.133,95","710,57","358,26"
2006-06-12,"1.336,72","1.197,12","651,59",,,"1.135,86","707,87","351,39"
2006-06-19,"1.336,72","1.197,12","651,59",,,"1.139,59","714,78","342,4"
2006-06-26,"1.336,72","1.197,12","651,59",,,"1.140,45","714,12","342,44"
2006-07-03,"1.354,09","1.197,12","651,59",,,"1.144,39","710,67","342,57"
2006-07-10,"1.367,11","1.201,87","651,59",,,"1.139,53","712,85","346,37"
2006-07-17,"1.385,08","1.207,26","651,59",,,"1.153,19","720,93","360,61"
2006-07-24,"1.387,42","1.207,26","651,59",,,"1.140,48","718,3","355,55"
2006-07-31,"1.387,16","1.206,43","651,59",,,"1.143,89","720,97","358,29"
2006-08-07,"1.388,58","1.206,43","651,02",,,"1.149,92","728,08",362
2006-08-14,"1.389,48","1.206,69","651,02",,,"1.151,51","727,95","360,83"
2006-08-21,"1.362,07","1.207,02","651,02",,,"1.147,02","723,21","347,73"
2006-08-28,"1.329,95","1.206,81","651,02",,,"1.153,52","711,84","345,28"
2006-09-04,"1.293,31","1.188,55",651,,,"1.146,54","721,55","336,96"
2006-09-11,"1.271,34","1.177,6","650,38",,,"1.132,94","711,26","324,64"
2006-09-18,"1.251,56","1.158,4","649,82",,,"1.104,26","695,31","310,24"
2006-09-25,"1.231,52","1.128,68","649,64",,,"1.086,5","684,49","293,27"
2006-10-02,"1.230,16","1.127,14",649,,,"1.090,28","671,52","295,72"
2006-10-09,"1.220,03","1.116,96","609,37",,,"1.085,99","666,31","291,81"
2006-10-16,"1.219,79","1.116,96","609,37",,,"1.085,72","670,4","302,45"
2006-10-23,"1.219,79","1.116,96","609,37",,,"1.083,68","668,57","297,68"
2006-10-30,"1.219,79","1.117,02","609,37",,,"1.089,03","666,37","297,49"
2006-11-06,"1.220,03","1.116,81","609,37",,,"1.072,37","659,66","295,17"
2006-11-13,"1.219,93","1.116,14","609,37",,,"1.081,6","660,14","295,53"
2006-11-20,"1.218,78","1.113,76","609,37",,,"1.081,52","658,85","291,95"
2006-11-27,"1.218,89","1.113,87","609,37",,,"1.075,81","652,55","285,5"
2006-12-04,"1.219,22","1.113,87","609,37",,,"1.089,8","660,89","287,4"
2006-12-11,"1.219,22","1.113,87","609,37",,,"1.080,3","654,06","281,48"
2006-12-18,"1.219,22","1.113,87","609,37",,,"1.082,01","650,82","284,68"
2007-01-08,"1.218,68","1.114,29","609,37",,,"1.055,18","641,55","276,74"
2007-01-15,"1.207,69","1.098,03","609,37",,,"1.045,66","641,31","275,78"
2007-01-22,"1.198,79","1.079,86","609,37",,,"1.033,35","625,85","263,36"
2007-01-29,"1.198,22","1.079,72","609,37",,,"1.046,83","644,62","271,59"
2007-02-05,"1.198,59","1.079,34","609,37",,,"1.054,47","645,12","279,43"
2007-02-12,"1.200,79","1.081,68","609,37",,,"1.056,87","651,39","290,97"
2007-02-19,"1.201,46","1.082,07","609,37",,,"1.049,86","644,86","281,07"
2007-02-26,"1.221,66","1.097,83","609,37",,,"1.060,79","653,13","289,13"
2007-03-05,"1.231,49","1.099,76","609,37",,,"1.064,91","653,55","297,1"
2007-03-12,"1.241,27","1.108,92","609,37",,,"1.068,24","656,85","298,1"
2007-03-19,"1.240,75","1.108,92","609,37",,,"1.065,63","649,98","294,33"
2007-03-26,"1.240,43","1.108,45","609,37",,,"1.067,03","651,28","301,7"
2007-04-02,"1.256,4","1.113,86","609,37",,,"1.083,59","661,98","314,15"
2007-04-16,"1.276,21","1.127,27","631,63",,,"1.096,26","675,43","318,48"
2007-04-23,"1.279,61","1.128,12",641,,,"1.087,72","680,62","321,62"
2007-04-30,"1.293,63","1.128,71","621,38",,,"1.088,56","673,23","330,08"
2007-05-07,"1.309,43","1.129,3","621,38",,,"1.091,5","675,77","333,11"
2007-05-14,"1.312,83",1.129,"619,89",,,"1.090,84","674,83","327,81"
2007-05-21,"1.326,55","1.131,89","617,47",,,"1.097,65","677,6","333,7"
2007-05-28,"1.342,73","1.139,33","615,97",,,"1.101,48","679,58","344,7"
2007-06-04,"1.343,85","1.147,78","615,97",,,"1.092,7","679,79","337,34"
2007-06-11,"1.346,21","1.150,77","615,97",,,"1.103,84","683,28","343,01"
2007-06-18,"1.346,14","1.151,9","614,47",,,"1.107,45","687,7","347,55"
2007-06-25,"1.350,93","1.156,35","614,47",,,"1.112,49","694,03","350,1"
2007-07-02,"1.351,09","1.157,81","615,96",,,"1.107,82","693,16","361,47"
2007-07-09,"1.352,35","1.158,59","615,96",,,"1.115,79","707,71","367,37"
2007-07-16,"1.358,88","1.164,4","625,77",,,"1.119,22","703,43","364,76"
2007-07-23,"1.356,7","1.164,32","625,77",,,"1.120,97","704,67","372,62"
2007-07-30,"1.348,53","1.172,5","625,77",,,"1.123,78","706,86","374,06"
2007-08-06,"1.332,93","1.182,24","625,71",,,"1.125,48","707,79","370,85"
2007-08-13,"1.302,4","1.174,41","626,26",,,"1.115,54","691,9","362,51"
2007-08-20,"1.301,15","1.171,43","625,71",,,"1.110,73","697,22","367,04"
2007-08-27,"1.293,62","1.164,43","625,71",,,"1.108,26","682,37","350,35"
2007-09-03,"1.297,97","1.167,74","625,71",,,"1.116,38","685,93","355,98"
2007-09-10,"1.308,83","1.173,52","626,35",,,"1.126,24","702,44","362,46"
2007-09-17,"1.307,5","1.188,59","626,35",,,"1.138,25","704,39","366,33"
2007-09-24,"1.313,24","1.197,45","626,35",,,1.148,707,"366,74"
2007-10-01,"1.314,09","1.203,16","626,35",,,"1.143,23","696,14","362,11"
2007-10-08,"1.311,48","1.203,36","626,35",,,"1.132,79","706,31","366,29"
2007-10-15,"1.311,83","1.203,36","627,88",,,"1.143,26","714,7","377,16"
2007-10-22,"1.313,46","1.207,57","638,97",,,"1.159,28","727,6","383,5"
2007-10-29,"1.319,09","1.213,84","643,96",,,"1.169,85","736,9","392,38"
2007-11-05,"1.331,65","1.229,38","647,49",,,"1.196,21","768,05","413,58"
2007-11-12,"1.356,42","1.259,41","653,4",,,"1.219,75","768,38","429,84"
2007-11-19,"1.360,44","1.264,19","657,12",,,"1.217,46","768,18","420,45"
2007-11-26,"1.363,88","1.289,21","666,09",,,"1.233,49","784,27","432,84"
2007-12-03,"1.363,44","1.291,56","668,4",,,"1.223,75","774,39","417,38"
2007-12-10,"1.361,99","1.290,03","668,89",,,"1.206,09","768,68","411,25"
2007-12-17,"1.358,66","1.281,36","669,92",,,"1.217,05","785,79","407,64"
2007-12-31,"1.359,16","1.280,95","671,09",,,"1.217,49","781,07","434,35"
2008-01-07,"1.377,18","1.295,83","672,3",,,"1.223,89","807,21","444,94"
2008-01-14,"1.371,94","1.287,22","672,3",,,"1.223,32","774,78","428,53"
2008-01-21,"1.355,99","1.260,5","674,6",,,"1.203,09","776,64","411,16"
2008-01-28,"1.351,75","1.254,85","684,45",,,"1.201,22","772,17","402,14"
2008-02-04,"1.352,92","1.258,77","691,29",,,"1.201,49","765,96","405,99"
2008-02-11,"1.352,35","1.258,79","691,29",,,"1.205,12","783,49","400,91"
2008-02-18,"1.367,02","1.278,86","691,89",,,"1.238,4","804,31","416,29"
2008-02-25,"1.385,05","1.309,05","691,89",,,"1.250,9","817,96","419,7"
2008-03-03,"1.388,46","1.313,45","691,89",,,"1.260,72","814,53","417,41"
2008-03-10,"1.388,75","1.325,07","691,89",,,"1.286,93","824,23","418,37"
2008-03-17,"1.385,52",1.349,"691,89",,,"1.296,59","831,33","420,65"
2008-03-31,"1.363,13","1.326,94","681,78",,,"1.279,41","830,84","407,23"
2008-04-07,"1.364,2","1.326,47","680,8",,,"1.272,43","846,23","425,9"
2008-04-14,"1.380,4","1.346,01","677,83",,,"1.301,23","863,1","435,26"
2008-04-21,"1.380,72","1.366,36","677,83",,,"1.317,47","869,02","438,48"
2008-04-28,"1.395,85","1.377,11","677,83",,,"1.333,83","869,13","440,9"
2008-05-05,"1.431,6","1.411,36","688,55",,,"1.343,91","877,47","443,73"
2008-05-12,"1.459,08","1.445,65","689,27",,,"1.405,8","915,1","466,11"
2008-05-19,"1.473,16","1.467,06","689,27",,,"1.431,52","926,06","481,47"
2008-05-26,"1.497,1","1.493,51","691,24",,,"1.459,79","940,16","485,15"
2008-06-02,"1.496,4","1.490,21","691,31",,,"1.445,81","916,74","493,56"
2008-06-09,"1.502,78","1.497,85","691,55",,,"1.440,87","925,73","497,95"
2008-06-16,"1.524,64","1.520,34","693,52",,,"1.470,68","958,96","521,37"
2008-06-23,"1.525,03","1.520,65","691,55",,,"1.458,01","953,56","521,87"
2008-06-30,"1.524,97","1.520,52","693,52",,,"1.467,02","974,07","534,24"
2008-07-07,"1.528,3","1.524,07","694,96",,,"1.486,88","1.005,58","569,44"
2008-07-14,"1.532,35","1.528,42","696,82",,,"1.481,92","1.002,86","578,35"
2008-07-21,"1.524,12","1.518,98","696,82",,,"1.461,92","983,97","561,36"
2008-07-28,"1.489,64","1.484,71","697,06",,,"1.425,7","959,13","541,85"
2008-08-04,"1.467,45","1.462,36","689,18",,,"1.404,45","963,87","527,83"
2008-08-11,"1.453,2","1.427,88","689,18",,,"1.371,2","934,73","509,93"
2008-08-18,"1.448,54","1.418,55","689,18",,,1.360,"943,28","514,23"
2008-08-25,"1.450,35","1.418,25","689,18",,,"1.380,93","931,61","525,25"
2008-09-01,"1.454,13","1.415,97","689,97",,,"1.372,97","935,76","526,81"
2008-09-08,"1.445,69","1.396,53","688,38",,,"1.350,9","913,95","495,43"
2008-09-15,"1.444,53","1.375,74","688,38",,,"1.345,24","895,94","480,11"
2008-09-22,"1.405,47","1.353,28","690,75",,,"1.319,89","881,71","441,09"
2008-09-29,"1.413,39","1.362,77","691,1",,,"1.338,95","902,41","473,04"
2008-10-06,"1.403,83","1.359,63","687,16",,,"1.325,31","894,88","462,2"
2008-10-13,"1.351,51","1.297,76","685,46",,,"1.271,16","848,69","428,02"
2008-10-20,"1.292,85","1.252,68","685,46",,,"1.211,41","812,85","377,75"
2008-10-27,"1.266,53","1.232,3","683,68",,,"1.209,27","819,78","391,96"
2008-11-03,"1.255,69","1.217,37","683,68",,,"1.188,43","797,89",363
2008-11-10,"1.222,51","1.209,92","680,28",,,"1.182,75","788,09","341,68"
2008-11-17,"1.199,76","1.192,67","657,93",,,"1.153,25","766,62","332,71"
2008-11-24,"1.154,11","1.148,63","653,44",,,"1.122,9","755,34","321,81"
2008-12-01,"1.146,96","1.141,85","640,54",,,"1.117,74","756,81","317,27"
2008-12-08,"1.127,81","1.113,02","626,45",,,"1.082,86","737,93","301,78"
2008-12-15,"1.114,59","1.080,19","616,67",,,"1.047,06","727,46","283,67"
2008-12-22,"1.102,18","1.053,45","608,52",,,"1.023,71","709,65","268,09"
2009-01-05,"1.082,64","1.022,49","607,31",,,"1.006,25","701,76","252,01"
2009-01-12,"1.112,87","1.052,18","605,9",,,"1.031,56","718,44","282,8"
2009-01-19,"1.132,41","1.070,11","591,37",,,"1.032,97","715,18","270,79"
2009-01-26,"1.136,43",1.061,"584,8",,,"1.019,45","708,97","280,47"
2009-02-02,"1.144,18","1.062,59","584,1",,,"1.026,08","715,13","279,96"
2009-02-09,"1.142,07","1.065,93","590,76",,,"1.018,01","714,79","280,09"
2009-02-16,"1.134,66","1.061,17","590,76",,,"1.011,6","714,37","290,34"
2009-02-23,"1.143,29","1.033,24","590,76",,,"991,1","737,98","285,6"
2009-03-02,"1.156,23","1.020,86","590,76",,,"993,69","743,86","290,67"
2009-03-09,"1.160,68","1.018,14","590,76",,,"979,81","677,16","280,8"
2009-03-16,1.165,"1.018,83","577,49",,,"971,84","678,05","289,02"
2009-03-23,"1.164,48","1.026,5","565,77",,,"988,31","710,37","282,01"
2009-03-30,"1.186,42","1.041,53","558,69",,,"1.013,85","765,67","292,67"
2009-04-06,"1.175,87","1.032,3","557,54",,,"1.011,02","725,66","291,61"
2009-04-20,"1.196,31","1.051,82","546,62",,,"1.015,36","730,65","305,5"
2009-04-27,"1.197,58","1.055,19","545,03",,,"1.000,09","724,49","302,95"
2009-05-04,"1.183,32","1.051,86","545,03",,,"997,45","723,03","299,26"
2009-05-11,"1.229,38","1.071,09","537,53",,,"1.010,34","744,43","325,68"
2009-05-18,"1.234,04","1.066,09","534,37",,,"1.009,53","710,27","332,5"
2009-05-25,"1.263,06","1.060,03","535,24",,,"1.003,4","712,53","332,61"
2009-06-01,"1.275,81","1.064,7","539,27",,,"1.010,11","742,69","334,08"
2009-06-08,"1.283,37","1.090,13","548,44",,,"1.041,53","755,42","359,11"
2009-06-15,"1.305,07","1.109,55","551,88",,,"1.059,44","763,35","367,55"
2009-06-22,"1.316,06","1.118,09","552,32",,,"1.077,23","775,31",368
2009-06-29,"1.291,46","1.101,62","552,9",,,"1.062,21","768,34","349,8"
2009-07-06,"1.279,43","1.096,17","542,35",,,"1.049,67","763,44","358,69"
2009-07-13,"1.259,53","1.074,66","544,68",,,"1.026,89","750,02","345,5"
2009-07-20,"1.251,29","1.064,92","545,39",,,"1.034,27","760,09","362,83"
2009-07-27,"1.279,4","1.102,77","546,15",,,"1.054,86","772,69","372,7"
2009-08-03,"1.280,03",1.104,"546,15",,,"1.064,41","777,31","370,7"
2009-08-10,"1.307,44","1.127,23","547,56",,,"1.076,23","786,58","379,25"
2009-08-17,"1.303,9","1.123,63","547,14",,,"1.073,56","783,95","386,27"
2009-08-24,"1.296,28","1.118,92","545,73",,,"1.074,6","791,35","391,86"
2009-08-31,"1.292,07","1.116,85","545,73",,,"1.068,32","782,89","393,1"
2009-09-07,"1.272,05","1.094,85","545,73",,,"1.049,25","773,1","374,37"
2009-09-14,"1.270,04","1.092,99","545,73",,,"1.049,76","771,34","371,88"
2009-09-21,"1.267,19","1.091,4","545,11",,,"1.051,16","777,24","377,76"
2009-09-28,1.241,"1.075,68","545,11",,,"1.036,54","759,57","362,96"
2009-10-05,"1.236,39","1.079,16","545,1",,,"1.037,97","758,97","369,7"
2009-10-12,"1.251,18","1.086,55","545,11",,,"1.044,08","768,63","368,62"
2009-10-19,"1.264,46","1.106,49","545,11",,,"1.070,53","778,31","375,41"
2009-10-26,"1.286,54","1.126,57","545,11",,,"1.088,65","795,37","397,41"
2009-11-02,"1.294,88","1.134,57","543,67",,,"1.098,66","797,99","406,5"
2009-11-09,"1.293,08","1.129,46","567,7",,,"1.093,7","798,56","400,11"
2009-11-16,"1.282,61","1.116,63","582,08",,,"1.082,97","791,66","397,67"
2009-11-23,"1.288,77","1.124,63","587,8",,,"1.083,77","796,31","400,08"
2009-11-30,"1.281,29","1.117,5","592,98",,,"1.078,11","791,22","395,65"
2009-12-07,"1.281,07","1.118,06","593,62",,,"1.079,27","792,78","395,19"
2009-12-14,"1.270,31","1.108,88","596,08",,,"1.073,08","781,5","386,97"
2009-12-21,"1.263,98","1.113,34","603,75",,,"1.088,21","793,13","391,98"
2009-12-28,"1.272,03","1.116,97","604,17",,,"1.094,83","797,31","402,02"
2010-01-04,"1.293,97","1.135,46","608,08",,,"1.108,27","804,79","406,28"
2010-01-11,"1.310,76","1.152,97","612,98",,,"1.137,6","827,21","428,15"
2010-01-18,"1.315,94","1.157,52","622,23",,,"1.124,46","813,78","411,95"
2010-01-25,"1.313,83","1.147,15","624,2",,,"1.119,99","810,33","409,47"
2010-02-01,"1.312,6","1.136,04","625,72",,,"1.108,19","807,68","410,4"
2010-02-08,"1.320,82","1.142,94","637,05",,,"1.114,04","807,37","408,19"
2010-02-15,"1.306,98","1.135,23","646,19",,,"1.109,37","814,66","409,58"
2010-02-22,"1.311,1","1.155,08","655,77",,,"1.126,13","830,64","416,92"
2010-03-01,"1.333,18","1.180,87","655,86",,,"1.132,89","823,29","404,71"
2010-03-08,"1.352,43","1.181,81","655,88",,,"1.144,92","826,76","418,08"
2010-03-15,"1.363,15","1.189,53","655,9",,,"1.153,36","829,5","419,6"
2010-03-22,"1.376,49","1.200,84","656,47",,,"1.159,05","835,82","426,96"
2010-03-29,"1.377,49","1.201,89","662,12",,,"1.163,68","844,16","438,14"
2010-04-12,"1.392,62","1.219,94","662,55",,,"1.187,9","857,66","450,75"
2010-04-19,"1.392,12","1.223,21","658,93",,,"1.193,62","863,04","456,16"
2010-04-26,"1.389,67","1.230,4","659,15",,,"1.200,89","862,81","455,98"
2010-05-03,"1.404,64","1.247,62","659,17",,,"1.212,56","867,05","461,75"
2010-05-10,"1.399,64","1.245,73","659,37",,,"1.203,96","862,66","460,78"
2010-05-17,"1.394,59","1.251,03","660,47",,,"1.200,74","865,47","460,79"
2010-05-24,"1.372,59","1.227,12","660,47",,,"1.171,11","836,76","435,75"
2010-05-31,"1.359,33","1.216,1","660,51",,,"1.187,3","845,39","440,66"
2010-06-07,"1.372,18","1.229,93","660,39",,,"1.191,74","848,32",446
2010-06-14,"1.376,18","1.239,59","663,79",,,"1.210,13","858,05","453,95"
2010-06-21,"1.391,59","1.251,71",660,,,"1.215,49","859,41","449,12"
2010-06-28,"1.395,7","1.247,92",660,,,"1.204,33","848,98","446,12"
2010-07-05,"1.377,65","1.219,59",660,,,"1.178,88","840,21","436,37"
2010-07-12,"1.372,37","1.212,09","660,08",,,"1.177,95","841,51","446,42"
2010-07-19,"1.365,56","1.207,36","655,62",,,"1.170,01","845,25","451,21"
2010-07-26,"1.355,44","1.201,61","655,24",,,"1.176,59","850,16","454,6"
2010-08-02,"1.362,8","1.210,47","654,83",,,"1.172,7","846,14","449,73"
2010-08-09,"1.366,78","1.214,2","654,12",,,"1.181,04","846,82","456,16"
2010-08-16,"1.365,94","1.212,66","654,1",,,"1.187,53","869,94","447,65"
2010-08-23,"1.359,69","1.210,96","654,1",,,"1.170,08","841,85","446,41"
2010-08-30,"1.350,36","1.207,52","653,53",,,"1.174,23","833,46","446,56"
2010-09-06,"1.349,91","1.208,93","655,58",,,"1.167,91","830,59","431,84"
2010-09-13,"1.359,13","1.222,45","655,19",,,"1.184,17","840,37","449,01"
2010-09-20,"1.364,74","1.227,79","655,89",,,"1.184,73","832,93","439,31"
2010-09-27,"1.347,96","1.215,9","654,18",,,"1.164,96","825,04","427,27"
2010-10-04,"1.344,06","1.211,67","654,77",,,"1.182,1","830,07","422,86"
2010-10-11,"1.354,47","1.223,72","664,12",,,"1.183,73","813,41","436,84"
2010-10-18,"1.358,83","1.229,15",661,,,"1.187,45","829,95","439,81"
2010-10-25,"1.351,57","1.223,7","660,89",,,"1.177,43","826,44","425,36"
2010-11-01,"1.352,9","1.227,64","661,5",,,"1.178,39","829,95","437,33"
2010-11-08,"1.363,98","1.233,93","672,5",,,"1.183,83","834,21","442,04"
2010-11-15,"1.381,46","1.255,91","680,98",,,"1.207,7","847,76","454,95"
2010-11-22,"1.377,11","1.248,88","684,21",,,"1.196,8","836,13","434,52"
2010-11-29,"1.384,92","1.260,41","694,02",,,"1.204,78","843,89","453,24"
2010-12-06,"1.412,07","1.285,61","720,58",,,"1.238,48","854,26","473,08"
2010-12-13,"1.419,32","1.295,23","735,99",,,"1.251,4","849,14","461,88"
2010-12-20,"1.417,72","1.292,5","740,54",,,"1.251,46",855,"472,16"
2011-01-03,"1.437,5","1.312,12","749,61",,,"1.256,04","873,87","469,89"
2011-01-10,"1.444,69","1.318,27","753,11",,,"1.264,07","889,96","478,04"
2011-01-17,"1.465,6","1.340,35","784,92",,,"1.285,63","879,78","490,75"
2011-01-24,"1.470,51","1.349,45","789,82",,,"1.283,47","881,11","473,83"
2011-01-31,"1.465,82","1.345,89","791,27",,,"1.277,92","879,83","476,8"
2011-02-07,"1.465,98","1.346,85","791,36",,,"1.291,64","895,18","496,64"
2011-02-14,"1.466,05","1.347,68","790,68",,,"1.300,97","907,14","503,03"
2011-02-21,"1.474,65","1.358,03","790,2",,,"1.318,87","914,3","516,05"
2011-02-28,"1.507,97","1.392,09","790,43",,,"1.347,85","945,95","556,01"
2011-03-07,"1.524,87","1.416,67","793,84",,,"1.369,57","954,03","556,94"
2011-03-14,"1.531,48","1.422,61","794,91",,,"1.369,21","960,99","575,04"
2011-03-21,"1.527,15","1.425,26","791,42",,,"1.372,89","960,11","573,88"
2011-03-28,"1.521,36","1.428,57","790,82",,,"1.370,83","964,05","580,41"
2011-04-04,"1.523,01","1.429,17","790,76",,,"1.372,28","966,97","580,64"
2011-04-11,"1.549,87","1.456,62","790,85",,,"1.386,4","981,71","603,21"
2011-04-18,"1.554,8","1.459,77","788,86",,,"1.377,96","979,54","598,8"
2011-04-25,"1.551,33","1.456,2","788,3",,,"1.378,01","970,02","576,99"
2011-05-02,"1.552,47","1.456,81","788,27",,,"1.374,37","962,52","567,86"
2011-05-16,"1.550,81","1.408,96","776,48",,,"1.328,48","936,93","545,9"
2011-05-23,"1.538,32","1.403,06","774,19",,,"1.326,37","934,25","550,82"
2011-05-30,"1.537,32","1.402,98","773,99",,,"1.340,09","941,89","562,16"
2011-06-06,"1.535,3","1.401,79","759,49",,,1.336,"941,35","560,7"
2011-06-13,"1.530,59","1.403,85","749,91",,,"1.343,61","950,37","581,71"
2011-06-20,"1.529,36","1.411,69","749,85",,,"1.339,98","952,32","576,04"
2011-06-27,"1.506,84","1.384,81","743,42",,,"1.315,05","934,58","556,48"
2011-07-04,"1.555,63","1.428,62","740,52",,,"1.327,48","942,76","575,31"
2011-07-18,"1.589,8","1.464,57","731,59",,,"1.364,16","962,18","598,65"
2011-07-25,"1.590,24","1.465,31","730,62",,,"1.375,76","964,08","596,71"
2011-08-01,"1.597,52","1.473,98","728,36",,,"1.374,72","962,24","592,63"
2011-08-08,"1.592,74","1.467,92","728,42",,,"1.358,72","946,8","569,44"
2011-08-22,"1.568,84","1.442,67","726,87",,,"1.338,87","932,48","551,19"
2011-08-29,"1.567,91","1.441,63",725,,,"1.349,47","944,95","557,56"
2011-09-05,"1.575,39","1.449,27","729,86",,,"1.361,15","954,7","574,23"
2011-09-12,"1.590,44","1.464,8","729,94",,,"1.371,95","965,29","586,56"
2011-09-19,"1.605,45","1.482,81","737,45",,,"1.381,02","968,38","591,06"
2011-09-26,"1.604,02","1.485,8","731,88",,,"1.376,86","957,73","571,61"
2011-10-03,"1.594,12","1.482,51","731,79",,,"1.369,3","954,14","569,13"
2011-10-10,"1.585,94","1.479,61","730,86",,,"1.370,35","955,73","575,79"
2011-10-17,"1.589,06","1.481,21","729,85",,,"1.378,66","962,53","587,24"
2011-10-24,"1.597,1","1.491,04","727,9",,,"1.386,84","963,82","581,71"
2011-10-31,"1.588,92","1.489,35","726,73",,,"1.390,47","966,35","582,52"
2011-11-07,"1.592,13","1.501,36","726,19",,,"1.395,23","963,63","593,6"
2011-11-14,"1.594,72","1.516,18","726,29",,,"1.418,83","982,1","615,69"
2011-11-21,"1.587,57","1.525,03","721,88",,,"1.421,27","992,44","601,19"
2011-11-28,"1.576,98","1.529,3","725,39",,,"1.425,06","977,37","585,17"
2011-12-05,"1.575,3","1.525,92","725,07",,,"1.397,45","968,29","595,68"
2011-12-12,"1.672,73","1.658,31","740,26",,,"1.408,95","973,26","599,56"
2011-12-19,"1.673,5","1.653,99","740,39",,,"1.405,38","970,53","595,71"
2011-12-26,"1.675,76","1.653,05","741,02",,,"1.404,54","985,25","622,76"
2012-01-02,"1.686,26","1.653,11","748,4",,,"1.407,45","990,9","626,12"
2012-01-09,"1.694,02","1.664,02","752,73",,,"1.443,84","1.022,87","655,87"
2012-01-16,"1.709,35","1.681,51","757,42",,,"1.456,83","1.031,77","666,18"
2012-01-23,"1.712,78",1.687,"757,89",,,"1.439,52","1.017,99","646,34"
2012-01-30,"1.717,62","1.685,18","758,28",,,"1.433,12","1.015,16","643,68"
2012-02-06,"1.726,8","1.682,54","777,34",,,"1.437,02","1.019,06","644,74"
2012-02-13,"1.736,54","1.691,14","800,75",,,"1.458,26","1.037,79","672,13"
2012-02-20,"1.752,49","1.702,09","813,33",,,"1.477,01","1.045,79","677,84"
2012-02-27,"1.765,72","1.712,95","813,83",,,"1.482,5","1.046,15","677,33"
2012-03-05,"1.771,22","1.716,18","847,89",,,"1.471,67","1.046,41","691,35"
2012-03-19,"1.818,29","1.730,55","886,57",,,"1.501,41","1.061,49","702,98"
2012-03-26,"1.829,16","1.735,72","892,88",,,"1.496,09","1.052,25","688,35"
2012-04-02,"1.842,69","1.738,19","896,06",,,"1.486,72","1.051,66","693,15"
2012-04-09,"1.850,86","1.737,08","896,27",,,"1.485,55","1.057,08",691
2012-04-16,"1.856,26","1.735,1","884,96",,,"1.484,7","1.058,2","695,48"
2012-04-23,"1.853,82","1.730,82","879,5",,,"1.485,4","1.045,16","673,28"
2012-04-30,"1.851,92","1.727,34","874,12",,,"1.484,69","1.046,41","673,25"
2012-05-07,"1.831,02","1.722,47","860,54",,,"1.466,37","1.038,93","671,11"
2012-05-14,"1.786,78","1.694,62","835,64",,,"1.456,67","1.021,28","649,19"
2012-05-21,"1.777,45","1.684,69","821,83",,,"1.449,76","1.005,93","642,77"
2012-05-28,"1.775,12","1.679,2","817,69",,,"1.447,26","1.001,4","640,82"
2012-06-04,"1.778,29","1.678,22","817,35",,,"1.431,35","991,73","620,77"
2012-06-11,"1.768,17","1.664,54","804,72",,,"1.410,25","980,7","604,27"
2012-06-18,"1.755,34","1.649,06","783,45",,,"1.401,32","971,25","599,14"
2012-06-25,"1.730,53","1.622,76","757,62",,,"1.387,21","954,17","572,27"
2012-07-02,"1.719,88","1.613,52","747,75",,,"1.390,06","960,38","586,65"
2012-07-09,"1.743,23","1.634,69","744,75",,,"1.419,64","994,63","614,19"
2012-07-16,"1.757,58","1.648,74","740,56",,,"1.429,7","978,88","625,35"
2012-07-23,"1.777,87","1.682,95","735,13",,,"1.461,39","1.004,09","655,89"
2012-07-30,"1.779,47","1.687,82","733,76",,,"1.454,67","996,5","647,85"
2012-08-06,"1.785,91","1.689,27","754,24",,,"1.452,45","987,15","644,85"
2012-08-13,"1.812,09","1.711,27","777,4",,,"1.470,35","1.002,8","668,54"
2012-08-20,"1.847,42","1.740,3","784,1",,,"1.487,28","1.012,08","684,58"
2012-08-27,"1.870,13","1.759,24","789,36",,,"1.499,63","1.029,09","673,31"
2012-09-03,"1.870,61","1.759,94","790,94",,,"1.497,49","1.034,39","677,6"
2012-09-10,"1.889,81","1.777,8","816,99",,,"1.497,96","1.046,1","681,96"
2012-09-17,"1.877,64","1.773,15","835,4",,,"1.492,88","1.038,09","676,93"
2012-09-24,"1.845,73","1.747,41","837,91",,,"1.468,03","1.012,72","633,17"
2012-10-01,"1.845,18","1.746,67","841,82",,,"1.470,13","1.016,63","636,27"
2012-10-08,"1.836,78","1.744,68","850,74",,,"1.469,85","1.004,88","618,27"
2012-10-15,"1.845,42","1.749,97","855,29",,,"1.489,59","1.002,25","628,15"
2012-10-22,"1.824,77","1.747,21","855,92",,,"1.477,11","987,21","610,27"
2012-10-29,"1.795,39","1.731,79","855,98",,,"1.460,29","996,86","608,91"
2012-11-05,"1.763,35","1.715,76","860,67",,,"1.450,13","988,48","602,66"
2012-11-12,"1.746,58","1.704,88","879,47",,,"1.436,03","984,25","596,37"
2012-11-19,"1.749,7","1.707,51","881,51",,,"1.445,1","986,01","601,18"
2012-11-26,"1.754,61","1.712,26","881,69",,,"1.447,93","984,57","590,46"
2012-12-03,"1.750,21","1.707,91","882,22",,,"1.449,08","977,86","578,97"
2012-12-10,"1.742,58","1.699,14","878,1",,,"1.429,49","965,69","571,19"
2012-12-17,"1.745,42","1.697,37","879,87",,,"1.429,45","971,02","578,64"
2013-01-14,"1.759,22","1.700,29","872,91",,,"1.449,99","994,68","616,82"
2013-01-21,"1.742,23","1.683,13","865,01",,,"1.433,94","988,54","595,94"
2013-01-28,"1.751,4",1.691,"860,14",,,"1.445,88","987,98","609,81"
2013-02-04,"1.764,56","1.694,41",858,,,"1.443,19","983,22","604,45"
2013-02-11,"1.778,32","1.696,86","855,88",,,"1.460,39","1.002,78","628,6"
2013-02-18,"1.796,01","1.705,01","855,93",,,"1.469,39","1.010,56","636,39"
2013-02-25,"1.810,42","1.710,96","855,06",,,"1.460,51","997,91","611,83"
2013-03-04,"1.809,72","1.706,02","849,52",,,"1.439,2","985,86","599,88"
2013-03-11,"1.803,82","1.698,54","841,81",,,"1.435,64","986,97","600,51"
2013-03-18,"1.788,22","1.686,98","835,16",,,"1.428,81","979,58","590,41"
2013-03-25,"1.780,4","1.679,05","836,02",,,"1.420,35","974,39","587,45"
2013-04-08,"1.771,04","1.667,3","822,86",,,"1.417,6","958,9","579,63"
2013-04-15,"1.753,09","1.648,77","796,99",,,"1.400,13","966,36","566,05"
2013-04-22,"1.722,85","1.621,6","795,45",,,"1.382,64","964,75","548,23"
2013-04-29,"1.711,15","1.608,09","795,34",,,"1.391,93",952,"562,34"
2013-05-06,"1.713,09","1.608,48","781,72",,,"1.347,03","912,97","542,46"
2013-05-13,"1.709,84","1.605,18","765,19",,,"1.381,61","954,4","578,45"
2013-05-20,"1.717,14","1.615,03","765,52",,,"1.389,01","968,48","575,31"
2013-05-27,"1.732,97","1.628,06","764,43",,,"1.374,47","954,08","565,37"
2013-06-03,"1.736,48","1.631,24","755,27",,,"1.372,02","947,34","562,43"
2013-06-10,"1.735,46","1.626,73","752,37",,,1.363,"951,72","569,51"
2013-06-17,"1.731,16","1.622,02","751,21",,,"1.365,87","944,42","563,78"
2013-06-24,"1.732,15","1.625,39","751,39",,,"1.356,61","934,93","559,33"
2013-07-01,"1.735,03","1.625,78","752,63",,,"1.389,85","952,03","560,66"
2013-07-08,"1.740,69","1.631,91","764,28",,,"1.400,06","955,93","565,87"
2013-07-15,"1.762,13","1.652,72","774,78",,,"1.402,25","955,62","569,89"
2013-07-22,"1.771,41","1.661,25","780,67",,,"1.413,29","952,3","565,43"
2013-07-29,"1.771,29","1.660,73","776,69",,,"1.399,73","947,27","563,25"
2013-08-05,"1.769,81","1.659,68","785,67",,,"1.409,74","948,51","564,74"
2013-08-12,"1.768,79","1.658,31","790,18",,,"1.393,68","969,85","542,58"
2013-08-19,"1.762,01","1.652,96","790,79",,,"1.411,04","957,43","571,88"
2013-08-26,"1.768,98","1.659,96","790,88",,,"1.405,94","960,25","570,72"
2013-09-02,"1.781,63","1.669,75","792,23",,,"1.432,73","981,34","576,93"
2013-09-09,"1.786,03","1.680,74","802,69",,,"1.433,61","973,67","580,49"
2013-09-16,"1.775,87","1.681,71","802,05",,,"1.432,06","970,55","575,1"
2013-09-23,"1.753,85","1.677,51","795,03",,,"1.409,31","959,16","564,39"
2013-09-30,"1.733,59","1.662,38","792,17",,,"1.394,22","955,62","560,06"
2013-10-07,"1.733,54","1.663,07","791,36",,,"1.405,78","950,87","552,35"
2013-10-14,"1.728,67","1.660,1","787,91",,,"1.425,61","975,8","555,74"
2013-10-21,"1.726,66","1.658,37","787,03",,,"1.408,56","965,7","547,44"
2013-10-28,"1.717,23","1.650,27","781,59",,,"1.396,68","928,72","532,07"
2013-11-04,"1.700,72","1.633,9","779,01",,,"1.406,81","962,55","538,97"
2013-11-11,"1.700,4","1.633,38","782,03",,,"1.381,29","935,4","543,04"
2013-11-18,"1.701,74","1.635,38","782,26",,,"1.409,15","969,52","550,23"
2013-11-25,"1.714,12","1.646,43","787,21",,,"1.416,92","972,03","556,7"
2013-12-02,"1.725,91","1.656,81","790,77",,,"1.426,34","984,4","562,57"
2013-12-09,"1.728,42","1.657,62","845,72",,,"1.430,42","987,08","567,89"
2013-12-16,"1.728,15","1.655,97","871,42",,,"1.415,64","965,55","552,37"
2014-01-06,"1.729,28","1.656,65","888,33",,,"1.407,17","958,94","537,35"
2014-01-13,"1.722,64","1.649,69","878,49",,,"1.394,18","968,09","544,16"
2014-01-20,"1.718,35","1.641,94","863,54",,,"1.397,72","965,73","550,05"
2014-01-27,"1.715,37","1.639,49","853,56",,,"1.409,2","967,62","552,93"
2014-02-03,"1.713,75","1.639,31","843,6",,,"1.414,38","979,42","571,97"
2014-02-10,"1.711,1","1.636,42","821,25",,,"1.410,31","980,48","577,68"
2014-02-17,"1.714,66","1.637,98","812,37",,,"1.414,21","981,42","579,13"
2014-02-24,"1.717,87","1.636,92","805,42",,,"1.419,39","985,91","585,02"
2014-03-03,"1.717,87","1.635,83","801,37",,,"1.412,28","987,84","580,3"
2014-03-10,"1.717,1","1.635,36","789,49",,,"1.402,64","981,68","580,25"
2014-03-17,"1.712,82","1.627,35","774,91",,,"1.395,34","973,29","570,12"
2014-03-24,"1.704,55","1.615,99","771,92",,,"1.399,55","976,37","577,72"
2014-03-31,"1.714,44","1.622,79","767,41",,,"1.393,21","972,07","581,45"
2014-04-07,"1.722,85","1.627,43","767,91",,,"1.384,71","974,42","577,25"
2014-04-14,"1.725,6","1.628,62","769,04",,,"1.387,2","970,1","566,9"
2014-04-28,"1.737,54","1.633,1","769,5",,,1.398,"961,54","557,7"
2014-05-05,"1.738,96","1.634,01","769,12",,,"1.388,96","964,04","558,74"
2014-05-12,"1.736,34","1.629,97","759,91",,,"1.386,26","957,9","556,23"
2014-05-19,"1.734,87","1.627,29","755,59",,,"1.399,59","966,44","575,55"
2014-05-26,"1.739,39","1.629,38",755,,,"1.408,37","990,06","588,4"
2014-06-02,"1.739,27","1.631,13","758,81",,,"1.389,4","972,44","584,24"
2014-06-09,"1.740,27","1.628,99","763,27",,,"1.385,89","982,09","580,27"
2014-06-16,"1.741,44","1.629,38","768,74",,,"1.400,53","988,86","589,63"
2014-06-23,"1.753,34","1.637,47","768,43",,,"1.415,45","986,76","582,27"
2014-06-30,"1.759,34","1.642,62","770,66",,,"1.413,31","984,43","579,73"
2014-07-07,"1.762,4","1.643,38","769,68",,,"1.402,72","979,92","569,18"
2014-07-14,"1.763,22","1.637,75","771,46",,,"1.393,13","973,96","562,18"
2014-07-21,"1.758,78","1.626,54","771,12",,,"1.392,35","962,11","553,59"
2014-07-28,"1.757,95","1.622,72","768,81",,,"1.397,07","962,92","552,89"
2014-08-04,"1.755,25","1.623,08","769,09",,,"1.401,47","963,45","553,03"
2014-08-11,"1.751,42","1.622,87","768,42",,,"1.398,87","960,36","542,57"
2014-08-18,"1.748,72","1.621,66","767,61",,,"1.392,44","958,39","537,06"
2014-08-25,"1.741,16","1.618,22","767,8",,,"1.392,55","958,13","544,33"
2014-09-01,"1.739,31","1.617,49","767,8",,,"1.395,2","963,6","551,87"
2014-09-08,"1.736,93","1.616,55","759,45",,,"1.400,46","968,06","559,64"
2014-09-15,"1.734,9","1.615,28","756,2",,,"1.390,44","960,3","548,7"
2014-09-22,"1.730,05",1.612,"755,93",,,"1.385,38","956,88","544,68"
2014-09-29,"1.724,17","1.607,04","752,82",,,"1.384,23","959,63","551,11"
2014-10-06,"1.722,64","1.606,05","753,62",,,"1.367,15","947,63","532,48"
2014-10-13,"1.717,65","1.598,82","747,97",,,"1.360,86","930,79","508,08"
2014-10-20,"1.697,97","1.582,19","749,16",,,"1.336,13","906,22","471,02"
2014-10-27,"1.680,98","1.570,13","749,15",,,"1.338,75","913,48","483,49"
2014-11-03,"1.665,92","1.562,69","743,2",,,"1.342,55","913,38","484,75"
2014-11-10,"1.657,31","1.556,26","726,82",,,"1.338,57","906,89","463,52"
2014-11-17,"1.647,85","1.551,05","714,5",,,"1.329,52","893,3","453,98"
2014-11-24,"1.634,72","1.541,16","710,53",,,"1.322,95","885,28","442,79"
2014-12-01,"1.623,75","1.531,6","710,61",,,"1.300,16","866,86","417,21"
2014-12-08,"1.595,6","1.505,87","689,58",,,"1.287,9","861,41","412,63"
2014-12-15,"1.565,86","1.472,66","674,09",,,"1.242,95","849,75","385,97"
2015-01-05,"1.505,75","1.425,68","648,42",,,"1.212,43","815,5","347,59"
2015-01-12,"1.472,82","1.387,85","628,95",,,"1.168,53","779,72","328,21"
2015-01-19,"1.448,29","1.359,97","616,12",,,"1.146,01","777,97","323,23"
2015-01-26,"1.437,04","1.347,99","614,89",,,"1.162,9","783,46",331
2015-02-02,"1.445,71","1.356,19","620,53",,,"1.158,68","800,51","338,77"
2015-02-09,"1.477,26","1.387,76","620,18",,,"1.200,98","819,59","381,1"
2015-02-16,"1.513,69","1.423,98","619,8",,,"1.201,51","796,9","389,64"
2015-02-23,"1.533,68","1.446,55","619,25",,,"1.222,56","829,49","384,47"
2015-03-02,"1.546,8","1.460,27","621,66",,,"1.232,12","829,84","397,42"
2015-03-09,"1.562,33","1.468,37","640,14",,,"1.237,37","844,94","405,63"
2015-03-16,"1.575,58","1.467,49","646,47",,,1.233,"809,57","390,46"
2015-03-23,"1.578,16","1.456,47","655,66",,,"1.218,89","825,93","387,9"
2015-03-30,"1.578,03","1.450,87","661,16",,,"1.221,46","832,22","397,87"
2015-04-13,"1.574,67","1.441,83","658,61",,,"1.212,13","797,56","392,76"
2015-04-20,"1.584,72","1.452,21","646,41",,,"1.241,34","838,23","417,84"
2015-04-27,"1.601,77","1.467,84","646,71",,,"1.263,59","847,77","429,59"
2015-05-04,"1.610,62","1.475,76","644,68",,,"1.266,28","840,23","426,05"
2015-05-11,"1.616,71","1.481,84","642,02",,,"1.271,53","836,78","420,93"
2015-05-18,"1.616,12","1.482,95","639,86",,,"1.280,69","836,03","418,59"
2015-05-25,"1.614,23","1.482,16","639,01",,,"1.284,04","836,09","416,84"
2015-06-01,"1.616,16","1.484,61","638,33",,,"1.271,16","829,3","409,79"
2015-06-08,"1.619,01","1.482,16","627,65",,,"1.253,88","812,33","398,77"
2015-06-15,"1.623,21","1.474,15","613,38",,,"1.257,12","818,84","412,2"
2015-06-22,"1.631,53","1.473,23","609,24",,,"1.261,22","837,29","404,37"
2015-06-29,"1.627,85","1.463,59","604,08",,,"1.255,31","840,28","403,63"
2015-07-06,"1.625,2","1.460,32","602,87",,,"1.252,5","842,32","399,55"
2015-07-13,"1.628,05","1.453,38","602,26",,,"1.236,28","829,16","382,66"
2015-07-20,"1.629,76",1.448,"602,49",,,"1.223,43","829,92","385,64"
2015-07-27,"1.616,44","1.432,92","601,36",,,"1.211,1","822,65","372,21"
2015-08-03,"1.592,6","1.417,22","600,72",,,"1.191,02","801,11","362,15"
2015-08-10,"1.574,19","1.402,17","597,11",,,"1.179,28","796,61","343,74"
2015-08-17,"1.563,33","1.395,66","597,69",,,"1.183,36","866,39","328,89"
2015-08-24,"1.542,91","1.381,51","597,23",,,"1.151,99","773,33","314,11"
2015-08-31,"1.506,09","1.351,08","592,97",,,"1.129,37","758,56","293,6"
2015-09-07,"1.498,16","1.357,2","588,41",,,"1.168,4","782,7","327,37"
2015-09-14,"1.502,48","1.369,63","583,2",,,"1.164,99","763,75","306,37"
2015-09-21,"1.487,74",1.359,"582,03",,,"1.152,2","768,62","302,05"
2015-09-28,"1.478,23","1.352,25","580,84",,,"1.148,97","755,98","296,42"
2015-10-05,"1.473,02","1.349,16","580,44",,,"1.151,85","766,97","302,67"
2015-10-12,"1.480,5","1.353,62","582,66",,,"1.158,96","767,54","322,03"
2015-10-19,"1.476,41","1.350,05","583,05",,,"1.127,62","762,61","306,01"
2015-10-26,"1.461,32","1.338,99","583,17",,,"1.122,5",754,"310,46"
2015-11-02,"1.455,8","1.338,3","582,52",,,"1.140,17","756,28","322,88"
2015-11-09,"1.462,65","1.345,65","584,89",,,"1.137,41","756,48","318,59"
2015-11-16,"1.460,79","1.344,38","584,72",,,"1.130,86","747,62","302,76"
2015-11-23,"1.450,34","1.334,34","584,76",,,"1.123,77","737,55","298,21"
2015-11-30,"1.457,51","1.338,51","585,1",,,"1.128,07","740,03","302,58"
2015-12-07,"1.460,16","1.333,09","592,67",,,"1.109,3","713,62","291,01"
2015-12-14,"1.451,12","1.311,81","602,19",,,"1.080,35",728,"267,61"
2015-12-21,"1.439,19","1.278,33","603,65",,,"1.042,05","722,41","255,51"
2016-01-04,"1.430,07","1.256,07","604,3",,,"1.046,54","719,95","248,56"
2016-01-11,"1.426,66","1.247,32","595,49",,,"1.044,91","715,82","245,71"
2016-01-18,"1.409,38","1.221,92","585,21",,,"1.015,21","700,85","218,14"
2016-01-25,"1.392,09","1.196,01","581,85",,,"1.000,36","696,16","216,74"
2016-02-01,"1.387,46","1.186,14","578,01",,,"1.021,17","707,25","243,64"
2016-02-08,"1.392,39","1.197,52","564,03",,,"1.025,75","703,12","233,1"
2016-02-15,"1.373,5","1.192,98","544,99",,,"1.006,59","685,36","221,3"
2016-02-22,"1.361,81","1.192,03","541,83",,,"1.024,79","692,73","235,05"
2016-02-29,"1.361,22","1.199,42","539,97",,,"1.019,13","689,85","230,45"
2016-03-07,"1.370,64","1.207,28","541,63",,,"1.037,01","690,2","238,14"
2016-03-14,"1.391,51","1.229,71","542,28",,,"1.058,63","697,38","259,5"
2016-03-21,"1.406,7","1.243,24","541,91",,,"1.062,06","695,55","252,79"
2016-04-04,"1.413,36","1.243,4","542,93",,,"1.045,47","700,8","251,74"
2016-04-11,"1.411,23","1.225,62","546,47",,,"1.031,22","667,12","242,06"
2016-04-18,"1.426,2","1.233,46","550,41",,,"1.061,97","681,9","264,13"
2016-04-25,"1.438,74","1.247,14","549,68",,,"1.087,79","713,9","269,91"
2016-05-02,"1.446,96","1.265,13","549,33",,,"1.090,93","718,37","282,34"
2016-05-16,"1.445,54","1.268,48","552,47",,,"1.098,12","724,99","288,56"
2016-05-23,"1.463,42","1.289,46","553,2",,,"1.124,97","735,41","292,52"
2016-05-30,"1.476,71","1.309,85","554,22",,,"1.131,01","744,1","307,7"
2016-06-06,"1.484,45","1.320,9","556,99",,,1.129,"743,28","309,87"
2016-06-13,"1.479,97","1.319,29","560,15",,,"1.141,71","760,05","330,97"
2016-06-20,"1.473,96","1.317,76","562,75",,,"1.129,46","751,33","320,16"
2016-06-27,"1.470,98","1.315,12","561,82",,,"1.120,06","759,43","327,96"
2016-07-04,"1.468,26","1.311,97","563,22",,,"1.114,69","754,2","336,41"
2016-07-18,"1.448,71","1.303,79","563,32",,,"1.103,64","724,97","317,76"
2016-07-25,"1.444,46","1.299,47","561,74",,,"1.093,03","744,7","318,23"
2016-08-01,"1.432,49","1.289,4","561,27",,,"1.083,41","745,07","297,62"
2016-08-08,"1.422,53","1.282,14","562,13",,,"1.068,76","741,51","300,44"
2016-08-15,"1.426,52","1.282,5","561,7",,,"1.085,94","747,33","308,88"
2016-08-22,"1.441,35","1.290,71","560,11",,,"1.124,72","758,67","332,47"
2016-08-29,"1.454,76","1.306,83","559,41",,,"1.114,03","757,57","336,13"
2016-09-05,"1.456,77","1.304,83","559,85",,,"1.104,95","754,68","322,26"
2016-09-12,1.452,"1.299,1","562,66",,,"1.117,6","766,95","340,26"
2016-09-19,"1.451,92","1.297,49","563,01",,,"1.116,24","763,5","323,08"
2016-09-26,"1.451,9","1.296,81","561,86",,,"1.116,51","764,31","331,87"
2016-10-03,"1.456,38","1.302,42","562,42",,,"1.133,14","770,62","334,84"
2016-10-10,"1.471,23","1.318,38","566,61",,,"1.150,52","784,89","362,2"
2016-10-17,"1.482,87","1.330,2","566,95",,,"1.158,61","785,39","358,29"
2016-10-24,"1.487,2","1.335,48","567,53",,,"1.155,45",788,"367,65"
2016-10-31,"1.494,82","1.340,52","568,16",,,"1.155,99","787,17","362,89"
2016-11-07,"1.487,1","1.339,24",579,,,"1.124,67","771,85","330,68"
2016-11-14,"1.473,9","1.323,48","584,9",,,"1.122,35","767,65","334,61"
2016-11-21,"1.458,41","1.311,12","577,16",,,"1.129,19","730,27","347,14"
2016-11-28,"1.468,14","1.320,87","580,55",,,"1.143,77","742,25","364,03"
2016-12-05,"1.478,6","1.332,67","584,46",,,"1.166,57","768,68","383,39"
2016-12-12,"1.499,34","1.350,05","585,14",,,"1.172,57","745,02","380,5"
2016-12-19,"1.508,88","1.369,06","585,44",,,"1.189,01","779,73","402,97"
2017-01-02,"1.535,52","1.391,9","586,32",,,"1.208,16","780,88","417,7"
2017-01-09,"1.550,03","1.404,9","599,99",,,"1.208,87","806,79","431,19"
2017-01-16,"1.547,49","1.400,12","608,86",,,"1.207,67","805,71","419,07"
2017-01-23,"1.544,75","1.397,33","612,12",,,"1.190,6","778,55","407,05"
2017-01-30,"1.543,74","1.395,46","613,51",,,"1.208,23","782,36","412,16"
2017-02-06,1.546,"1.397,6","623,29",,,"1.208,6","799,29","407,83"
2017-02-13,"1.549,55","1.399,97","634,98",,,"1.211,27","796,15","405,52"
2017-02-20,"1.555,14","1.402,69","640,27",,,"1.208,2","794,38","398,24"
2017-02-27,"1.555,24",1.403,"641,8",,,"1.217,38","801,64","403,48"
2017-03-06,"1.555,19","1.403,59","639,27",,,"1.208,56","795,94","398,56"
2017-03-13,"1.548,9",1.402,"640,11",,,"1.191,35","782,95","385,06"
2017-03-20,"1.539,01","1.393,57","639,89",,,"1.177,22","776,39","375,34"
2017-03-27,"1.532,13","1.387,31","639,69",,,"1.166,37","770,76","366,99"
2017-04-03,"1.527,07",1.383,"637,12",,,"1.175,92",772,"384,62"
2017-04-10,"1.538,09","1.392,61","628,7",,,"1.184,89","779,5","400,92"
2017-04-24,"1.559,28","1.410,49","625,52",,,"1.178,1","778,24","384,94"
2017-05-01,"1.555,83","1.405,52","625,6",,,"1.146,53","760,76","375,96"
2017-05-08,"1.539,66","1.391,7","622,53",,,"1.144,72","762,72","369,97"
2017-05-15,"1.529,24","1.378,8","617,78",,,"1.152,05","776,47","379,37"
2017-05-22,"1.525,19",1.376,"616,58",,,"1.156,48","778,04","381,54"
2017-05-29,"1.523,83","1.375,87","616,3",,,"1.158,46","776,66","382,4"
2017-06-05,"1.519,38","1.370,7","615,18",,,"1.142,91","756,9","371,57"
2017-06-12,"1.511,93","1.361,25","616,01",,,"1.099,88","714,74","363,62"
2017-06-19,"1.502,93","1.352,91","618,01",,,"1.107,36","756,26","351,31"
2017-06-26,"1.490,26","1.341,64","616,47",,,"1.110,56","742,57","346,49"
2017-07-03,"1.488,99","1.337,33","618,18",,,"1.113,94","755,36","352,79"
2017-07-10,"1.490,68","1.338,42","614,67",,,"1.120,15","732,75","347,73"
2017-07-17,"1.487,33","1.334,72","612,88",,,"1.118,3","741,88","347,07"
2017-07-24,"1.489,83","1.336,86","612,03",,,"1.126,63","755,3","355,72"
2017-07-31,"1.494,19","1.341,45","612,45",,,"1.132,31","755,92","358,38"
2017-08-07,"1.497,19","1.351,86","614,78",,,"1.129,67","754,25","353,33"
2017-08-14,"1.498,51","1.353,75","618,09",,,"1.124,7","755,75","354,47"
2017-08-21,"1.499,35","1.354,98","622,62",,,"1.122,24","750,23","348,4"
2017-08-28,"1.499,3","1.353,9","622,54",,,"1.125,36","753,38","352,74"
2017-09-04,"1.508,66","1.358,52","623,59",,,"1.140,83","761,5","356,77"
2017-09-11,"1.523,42","1.368,86","636,16",,,"1.148,95","763,92","359,64"
2017-09-18,"1.524,96","1.375,48","643,15",,,"1.156,86","768,97","366,49"
2017-09-25,"1.521,54","1.373,24",644,,,"1.165,83","771,32","370,57"
2017-10-02,"1.525,48","1.382,85","645,14",,,"1.166,95","744,66","379,71"
2017-10-09,"1.525,77","1.384,77","650,63",,,"1.165,88","766,29","381,53"
2017-10-16,"1.524,14","1.382,78","653,62",,,1.158,"765,65","379,07"
2017-10-23,"1.523,78","1.388,46","661,79",,,"1.157,35","732,95","379,26"
2017-10-30,"1.524,24","1.390,36","665,08",,,"1.174,02","734,42","382,53"
2017-11-06,"1.532,9","1.401,76","665,23",,,"1.182,1",744,"400,51"
2017-11-13,"1.544,13","1.413,62","665,37",,,"1.203,44","765,1","418,38"
2017-11-20,"1.547,8","1.417,31","666,08",,,"1.201,85","757,64","401,33"
2017-11-27,"1.545,64","1.414,88","666,17",,,"1.205,17","759,25","400,89"
2017-12-04,"1.545,84","1.415,73","667,13",,,"1.204,31","757,33","399,74"
2017-12-11,"1.543,57","1.413,31","671,64",,,"1.203,33","752,62","388,54"
2017-12-18,"1.549,32","1.420,35","676,42",,,"1.209,06","746,27","396,52"
2018-01-01,"1.554,54","1.426,58","677,99",,,"1.219,91","815,81","407,41"
2018-01-08,"1.561,51","1.435,68","677,6",,,"1.230,87","821,34","421,3"
2018-01-15,"1.566,62","1.441,24","677,56",,,"1.242,54","832,9","421,1"
2018-01-22,"1.571,37","1.446,52","677,48",,,"1.235,87","826,01","413,74"
2018-01-29,"1.572,83","1.447,78","677,71",,,"1.239,6","824,93","412,07"
2018-02-05,"1.573,42","1.447,59","670,96",,,"1.225,59","817,34","407,55"
2018-02-12,"1.569,91","1.443,29","662,48",,,"1.205,68","803,59","390,54"
2018-02-19,"1.553,48","1.424,46","656,53",,,"1.185,89","800,19","384,19"
2018-02-26,"1.546,71","1.418,68","657,78",,,"1.201,08","804,41","393,55"
2018-03-05,"1.548,87","1.424,66","657,25",,,"1.201,7","804,51","382,72"
2018-03-19,"1.544,2","1.419,38","652,8",,,"1.202,52","808,08","385,97"
2018-03-26,"1.547,08","1.422,82","649,22",,,"1.217,37","815,84","390,1"
2018-04-02,"1.554,06","1.429,97","646,04",,,"1.223,26","814,7","390,44"
2018-04-09,"1.556,26","1.432,51","645,79",,,"1.230,94","819,02","400,32"
2018-04-16,"1.562,98","1.439,3","644,98",,,"1.243,95","830,11","409,69"
2018-04-23,"1.573,32","1.450,22","645,94",,,"1.253,47","838,22","416,63"
2018-04-30,"1.585,17","1.462,9","645,42",,,"1.263,83","841,09","423,44"
2018-05-07,"1.592,6","1.470,26","644,96",,,"1.262,93","849,5","428,81"
2018-05-14,"1.605,99","1.483,45","649,46",,,"1.283,44","871,16","453,41"
2018-05-21,"1.623,24","1.501,52","658,59",,,"1.301,42","890,19","475,36"
2018-05-28,"1.642,44","1.521,22","656,46",,,"1.303,17","889,37","472,1"
2018-06-04,"1.648,66","1.528,71","657,91",,,"1.300,64","888,73","471,56"
2018-06-11,"1.648,07","1.528,15","663,43",,,"1.293,48","884,52","470,29"
2018-06-18,"1.645,27","1.524,76","670,7",,,"1.291,49","880,66","463,33"
2018-06-25,"1.636,72","1.516,28","676,23",,,"1.281,77","878,76","458,98"
2018-07-02,"1.632,24","1.511,55","675,83",,,"1.290,6","882,58","468,91"
2018-07-09,"1.632,66","1.511,89","675,42",,,"1.290,95","882,17","470,94"
2018-07-16,"1.632,4","1.510,94","675,26",,,"1.281,23","878,53","466,01"
2018-07-23,"1.629,3","1.507,11","675,22",,,"1.277,75","878,54","465,74"
2018-07-30,"1.627,7","1.505,34","674,94",,,"1.285,86","884,06","471,9"
2018-08-06,"1.628,76","1.506,2","675,44",,,"1.282,71","879,18","463,78"
2018-08-13,"1.629,3","1.505,87","677,46",,,"1.282,79","878,29","460,52"
2018-08-20,"1.627,86","1.505,12","678,49",,,"1.288,74","878,29","457,03"
2018-08-27,"1.628,98","1.506,86","679,69",,,"1.295,4","885,96","466,47"
2018-09-03,"1.633,66","1.513,18","679,96",,,"1.303,25","889,9","471,37"
2018-09-10,"1.642,55","1.524,47","692,79",,,"1.301,57","888,33","463,15"
2018-09-17,"1.642,69","1.525,41","693,52",,,"1.305,73","888,32","466,72"
2018-09-24,"1.641,8","1.524,91","690,56",,,"1.304,88","888,49","470,03"
2018-10-01,"1.644,2","1.528,4","691,39",,,"1.323,29","900,98","488,63"
2018-10-08,"1.657,58","1.548,39","704,11",,,"1.343,47","931,42","524,95"
2018-10-15,"1.665,05","1.565,52","710,55",,,"1.340,12","919,64","501,28"
2018-10-22,"1.661,21","1.567,14","711,44",,,"1.340,09","917,07","499,81"
2018-10-29,"1.655,7","1.565,31","712,32",,,"1.328,78","908,5","506,31"
2018-11-05,"1.649,26","1.562,23","711,71",,,"1.316,37","901,21",493
2018-11-12,"1.636,86","1.554,38","705,21",,,"1.313,46","895,41","484,17"
2018-11-19,"1.619,37","1.543,8","702,42",,,"1.298,61","884,46","466,78"
2018-11-26,"1.595,69","1.526,55","700,03",,,"1.275,13","869,76","429,68"
2018-12-03,"1.565,3","1.501,48","696,98",,,"1.250,16","862,36","421,2"
2018-12-10,"1.533,5","1.474,67","673,82",,,"1.246,72","859,39","417,04"
2018-12-17,"1.520,36","1.460,96","665,11",,,"1.246,65","850,97","416,82"
2019-01-07,1.486,"1.428,88","658,7",,,"1.264,19","884,44","430,33"
2019-01-14,"1.482,55","1.426,01","657,66",,,"1.269,38","883,33","443,11"
2019-01-21,"1.491,59","1.436,28","656,96",,,"1.282,07","898,38","448,56"
2019-01-28,"1.494,5","1.440,68","656,12",,,"1.288,7","901,38","453,78"
2019-02-04,"1.499,38","1.445,62","655,23",,,1.279,849,"461,56"
2019-02-11,"1.508,24","1.451,68","657,94",,,"1.283,11","866,89","465,56"
2019-02-18,"1.517,76","1.461,93","658,57",,,"1.298,72","870,6","481,33"
2019-02-25,"1.534,68","1.479,85","657,65",,,"1.306,38","870,9","488,88"
2019-03-04,"1.542,33","1.486,87","657,77",,,"1.305,72","872,6",484
2019-03-11,"1.548,72","1.493,17","655,47",,,"1.310,07","877,7","487,25"
2019-03-18,"1.554,03","1.496,38","655,33",,,"1.310,76","861,2","495,44"
2019-03-25,"1.562,82","1.497,19","656,03",,,"1.307,34","859,5","490,22"
2019-04-01,"1.573,56","1.497,71","656,4",,,"1.308,83","859,3","490,78"
2019-04-08,"1.588,6","1.499,16","653,92",,,"1.316,55",862,"496,56"
2019-04-15,"1.604,64","1.505,5","653,24",,,"1.323,76","864,3","496,33"
2019-04-22,"1.615,23","1.511,49","653,74",,,"1.327,79","864,1",495
2019-04-29,"1.625,87","1.519,7","656,03",,,"1.337,46","874,8",511
2019-05-06,"1.627,81","1.519,07","645,01",,,"1.335,26","869,9","504,22"
2019-05-13,"1.625,82","1.518,33","652,32",,,"1.330,75",866,495
2019-05-20,"1.624,17","1.517,75","651,65",,,"1.343,5","874,6","501,89"
2019-05-27,"1.631,14","1.524,63","652,39",,,"1.324,07","858,6","495,22"
2019-06-03,"1.621,9","1.514,36","651,9",,,"1.313,11","854,2","498,22"
2019-06-10,"1.605,95","1.497,42","640,26",,,"1.278,67",824,"485,25"
2019-06-17,"1.595,79","1.486,77","637,45",,,"1.275,79",836,"466,13"
2019-06-24,"1.590,01","1.480,69","635,78",,,"1.282,37","842,9","478,38"
2019-07-01,"1.588,76","1.478,85","635,16",,,"1.287,25","853,2","497,5"
2019-07-08,"1.590,42","1.480,9","624,3",,,"1.291,86","850,5","496,5"
2019-07-15,"1.596,75","1.484,47","620,52",,,"1.310,11","864,4","513,38"
2019-07-22,"1.599,93","1.487,01","620,1",,,"1.300,68","846,9",485
2019-07-29,"1.592,01","1.478,29","618,39",,,"1.303,79","852,4","486,44"
2019-08-05,"1.592,34","1.478,79","613,88",,,"1.304,54","853,4","484,67"
2019-08-12,"1.579,93","1.466,93","606,26",,,"1.290,11","838,5","458,56"
2019-08-19,"1.571,8","1.458,8","609,74",,,"1.290,07","837,1","455,56"
2019-08-26,"1.568,66","1.456,84","607,2",,,"1.294,46","835,9","466,11"
2019-09-02,"1.566,06",1.455,"606,08",,,"1.289,17","824,5","453,57"
2019-09-09,"1.565,19","1.454,98","603,43",,,"1.305,57","839,1","457,22"
2019-09-16,"1.570,5","1.463,15","602,07",,,"1.313,86","848,1","456,89"
2019-09-23,"1.589,68","1.483,09","601,83",,,"1.324,71","864,4","469,78"
2019-09-30,"1.591,92","1.485,67","600,39",,,"1.318,71","861,5","477,22"
2019-10-07,"1.585,51","1.479,13","607,62",,,"1.306,61","860,2","479,33"
2019-10-14,"1.579,07","1.472,95","610,9",,,"1.306,25","860,4","479,89"
2019-10-21,"1.574,44","1.469,94","610,78",,,"1.308,82","859,8","468,11"
2019-10-28,"1.571,89","1.467,93","610,1",,,"1.314,21","865,1","476,78"
2019-11-04,"1.572,41","1.469,23","610,4",,,"1.310,11","859,7","475,78"
2019-11-11,"1.573,73","1.470,29","610,34",,,"1.313,25","865,3",482
2019-11-18,"1.573,81","1.469,99","609,29",,,"1.318,07","863,5","479,44"
2019-11-25,"1.576,5","1.470,24","609,26",,,"1.316,75","866,1","485,22"
2019-12-02,"1.580,78","1.476,32","612,97",,,"1.323,11","866,5","485,33"
2019-12-09,"1.580,43","1.476,08","615,34",,,"1.321,86","875,5","499,89"
2019-12-16,"1.578,01","1.474,37","616,34",,,"1.323,46",879,"510,44"
2020-01-06,"1.590,14","1.489,21","631,76",,,"1.334,18","897,6",539
2020-01-13,"1.593,76","1.493,37","641,89",,,"1.333,43","910,9","574,33"
2020-01-20,"1.587,11","1.488,57","643,87",,,"1.319,68","898,5","553,78"
2020-01-27,"1.587,13","1.482,32","644,01",,,"1.303,61","890,4","534,67"
2020-02-03,"1.570,49","1.468,97","643,65",,,"1.293,93","881,5",514
2020-02-10,"1.554,68","1.450,67","635,9",,,"1.287,14","854,64",488
2020-02-17,"1.547,14","1.441,36","633,76",,,"1.285,82","850,73","495,88"
2020-02-24,"1.545,5","1.439,42","630,99",,,"1.290,36","854,18",496
2020-03-02,"1.540,15","1.432,16","627,91",,,"1.247,64","811,73","445,75"
2020-03-09,"1.522,31","1.414,2","621,1",,,"1.244,21","814,36","443,88"
2020-03-16,"1.496,59","1.389,03","616,6",,,"1.168,86","759,27","371,13"
2020-03-23,"1.477,47","1.368,48","615,6",,,"1.140,57","708,45","322,5"
2020-03-30,"1.456,54","1.347,81","615,94",,,"1.157,18","715,82","302,38"
2020-04-06,"1.436,81","1.328,02","607,32",,,"1.119,11","687,45",287
2020-04-13,"1.422,27","1.315,6","601,65",,,"1.125,61","694,18","304,63"
2020-04-20,"1.411,26","1.306,43","601,23",,,1.092,"679,27","295,13"
2020-04-27,"1.391,61","1.287,06","598,97",,,"1.061,43","616,55","278,75"
2020-05-04,"1.374,28","1.267,15","597,69",,,"1.051,46","635,91","283,13"
2020-05-11,"1.362,01","1.252,79","595,32",,,"1.066,18","643,55","304,75"
2020-05-18,"1.356,75","1.247,39","593,8",,,"1.069,93","671,5","312,63"
2020-05-25,"1.366,77","1.256,37","593,22",,,"1.087,89","698,55","353,44"
2020-06-01,"1.371,48","1.260,85","592,93",,,"1.089,68",698,350
2020-06-08,"1.371,01","1.260,4","593,2",,,"1.102,43","710,45","366,22"
2020-06-15,"1.377,77","1.266,49","593,45",,,"1.092,79","706,27",367
2020-06-22,"1.385,38","1.273,05","593,54",,,"1.110,29","714,36","377,78"
2020-06-29,"1.399,18","1.285,53","594,31",,,"1.112,39","711,18","375,67"
2020-07-06,"1.400,83","1.287,79","593,79",,,"1.125,14","716,18",385
2020-07-13,"1.403,8","1.290,32","594,2",,,"1.125,89","715,91","385,56"
2020-07-20,"1.404,6","1.290,83","594,31",,,"1.127,46","704,55","365,22"
2020-07-27,"1.403,56","1.289,74","594,39",,,"1.127,54","703,09","364,33"
2020-08-03,"1.401,66","1.288,34","594,37",,,"1.118,29","697,45","358,33"
2020-08-10,"1.397,66","1.284,32","593,96",,,"1.120,75","695,73","362,89"
2020-08-17,"1.398,23","1.284,55","594,28",,,"1.119,71","696,82","363,78"
2020-08-24,"1.399,68","1.285,56","595,86",,,"1.115,79","695,09","361,89"
2020-08-31,"1.400,08","1.285,19","594,59",,,"1.110,96","692,73","362,78"
2020-09-07,"1.398,48","1.281,64","593,45",,,"1.099,14","683,82",351
2020-09-14,"1.392,04","1.274,28","593,35",,,"1.086,14","675,18",344
2020-09-21,"1.388,7","1.267,41","592,7",,,"1.090,46","682,45","355,89"
2020-09-28,"1.389,54","1.264,94","592,25",,,"1.084,18","677,64","353,56"
2020-10-05,"1.388,24","1.262,69","591,69",,,"1.087,18",680,"354,11"
2020-10-12,"1.388,63",1.261,"591,76",,,"1.088,75","689,82","368,33"
2020-10-19,"1.389,14","1.260,48","592,35",,,"1.088,93","691,64","369,22"
2020-10-26,"1.387,72","1.258,51","591,89",,,"1.085,36","690,36","367,89"
2020-11-02,"1.383,88","1.254,77","591,55",,,"1.069,79","677,18","354,89"
2020-11-09,"1.378,34","1.248,72","592,46",,,"1.072,5","677,64","364,56"
2020-11-16,"1.385,46","1.255,3","593,49",,,"1.089,29","690,09","380,11"
2020-11-23,"1.393,24","1.264,11","597,05",,,"1.097,21","692,09","379,44"
2020-11-30,"1.403,62","1.275,25","603,39",,,"1.117,96","713,45","392,22"
2020-12-07,"1.409,34","1.283,79","606,51",,,"1.127,64","716,45","393,44"
2020-12-14,"1.412,51","1.288,31","609,59",,,"1.132,86",725,402
2020-12-21,"1.427,58","1.304,31","616,67",,,"1.141,39","733,64","407,44"
2020-12-28,"1.434,07","1.311,79","621,53",,,"1.139,79","729,09","410,89"
2021-01-04,"1.441,5","1.319,04","623,73",,,"1.144,64","728,18","408,22"
2021-01-11,"1.450,07","1.324,98","628,9",,,"1.152,64","742,55","420,33"
2021-01-18,"1.465,98","1.339,45","633,16",,,"1.166,18","759,91",435
2021-01-25,"1.476,16","1.346,45","636,06",,,"1.165,61","772,09","439,11"
2021-02-01,"1.479,99","1.350,56","637,11",,,"1.171,82","767,45","433,11"
2021-02-08,"1.488,9","1.360,65","640,41",,,"1.184,5","784,27","460,22"
2021-02-15,"1.500,43","1.372,94","641,8",,,"1.198,64","792,55","480,44"
2021-02-22,"1.518,55","1.390,91","645,39",,,"1.219,75","799,82","494,11"
2021-03-01,"1.536,58","1.408,45","648,88",,,"1.236,32","805,64","508,44"
2021-03-08,"1.549,65","1.421,19","654,35",,,"1.234,68","808,18","524,11"
2021-03-15,"1.566,15","1.436,07","658,39",,,"1.252,5","810,55","523,56"
2021-03-22,"1.578,77","1.444,98","660,55",,,"1.241,18","795,18","506,22"
2021-03-29,"1.575,35","1.440,3","662,84",,,"1.237,68","787,27","496,56"
2021-04-05,"1.574,22","1.437,14","663,58",,,"1.239,71","790,18","503,44"
2021-04-12,"1.573,52","1.435,18","663,64",,,"1.237,11",789,"497,56"
2021-04-19,"1.574,45","1.435,66","662,85",,,"1.238,82","811,91","510,56"
2021-04-26,"1.577,01","1.437,6","663,19",,,"1.237,71","802,27","502,11"
2021-05-03,"1.578,94","1.438,83","664,88",,,"1.241,39","806,18","505,78"
2021-05-10,"1.587,82","1.447,2","664,72",,,"1.247,32","812,36","508,33"
2021-05-17,"1.593,07","1.452,65","664,85",,,"1.246,96","806,36","500,89"
2021-05-24,"1.592,41","1.451,33","661,72",,,"1.245,82","794,36","490,67"
2021-05-31,"1.590,02","1.447,99","661,5",,,"1.250,21","795,36","494,67"
2021-06-07,"1.599,04","1.457,56","662,42",,,"1.259,39","802,73","508,11"
2021-06-14,"1.605,46","1.464,81","664,21",,,"1.269,11","805,82","510,89"
2021-06-21,"1.614,47","1.474,15","666,55",,,"1.279,07","818,91","522,22"
2021-06-28,"1.624,61","1.485,76","666,76",,,"1.282,14","826,36","530,22"
2021-07-05,"1.634,34","1.494,54","670,41",,,"1.291,46","833,36","540,44"
2021-07-12,"1.649,6","1.507,91","674,05",,,"1.292,71",839,"533,89"
2021-07-19,"1.655,26","1.512,84","683,64",,,"1.298,29","832,18","538,89"
2021-07-26,"1.653,59","1.510,57","685,82",,,"1.293,61","831,27","532,44"
2021-08-02,"1.655,53","1.510,17","685,97",,,"1.297,79",835,"539,78"
2021-08-09,"1.657,41","1.509,98","692,27",,,"1.290,89","824,73",526
2021-08-16,"1.656,16","1.507,75","695,35",,,"1.287,96","825,45","529,89"
2021-08-23,"1.652,39","1.503,43",697,,,"1.277,04","811,91","511,11"
2021-08-30,"1.650,23","1.499,96","696,38",,,"1.290,93","826,09","531,22"
2021-09-06,"1.655,19","1.504,1","701,09",,,"1.297,07",836,"546,67"
2021-09-13,"1.662,09","1.510,06","709,3",,,1.294,"835,82","545,44"
2021-09-20,"1.670,67","1.516,64","710,01",,,"1.308,43","847,27","556,22"
2021-09-27,"1.676,36","1.523,47","712,65",,,"1.327,07","871,73","565,89"
2021-10-04,"1.686,89","1.536,73","717,44",,,"1.356,36","887,27","590,78"
2021-10-11,"1.713,07","1.567,13","783,08",,,"1.375,04","893,82","604,22"
2021-10-18,"1.733,84","1.593,18","817,73",,,"1.403,96","911,18","615,89"
2021-10-25,"1.745,84","1.607,9","825,65",,,"1.406,64","920,73","617,22"
2021-11-01,"1.749,25","1.613,08","830,18",,,"1.406,64","918,09","613,78"
2021-11-08,"1.750,76","1.613,84","832,38",,,"1.396,18","913,18","603,22"
2021-11-15,"1.749,56","1.612,92","833,93",,,"1.406,5","917,36","614,44"
2021-11-22,"1.746,87","1.611,31","835,27",,,"1.398,39","914,27","612,11"
2021-11-29,"1.742,76","1.607,49","835,33",,,"1.402,43","923,91","623,44"
2021-12-06,"1.732,9","1.597,75","829,14",,,"1.367,82","896,09","579,44"
2021-12-13,"1.725,35","1.590,37","822,16",,,"1.384,68","898,36","595,89"
2021-12-20,"1.722,46","1.587,14","819,16",,,"1.388,25","897,64","592,22"
2021-12-27,"1.719,59","1.585,32","819,37",,,"1.394,11","897,91","594,78"
2022-01-03,"1.723,06","1.587,92","818,31",,,"1.393,75","906,45","606,89"
2022-01-10,"1.733,4","1.598,01","819,01",,,"1.422,64","917,27","621,89"
2022-01-17,"1.754,31","1.620,24","817,12",,,"1.436,82",926,"626,89"
2022-01-24,"1.778,64","1.647,14","816,72",,,1.466,"933,09","658,11"
2022-01-31,"1.796,72","1.667,29","817,37",,,"1.479,88","950,18","665,22"
2022-02-07,"1.819,32","1.690,59","817,7",,,"1.500,08","977,09","675,78"
2022-02-14,"1.835,26","1.708,19","816,52",,,"1.508,84","980,55","678,56"
2022-02-21,"1.849,94","1.722,36","816,81",,,"1.515,16","986,36","684,89"
2022-02-28,"1.868,86","1.740,47","817,34",,,"1.564,64",1.020,"725,78"
2022-03-07,"1.953,14","1.829,33","853,55",,,"1.715,92","1.109,36","827,78"
2022-03-14,"2.184,58","2.154,63","870,67",,,"1.820,8","1.168,09","857,67"
2022-03-21,"2.137,19","2.124,56","876,81",,,"1.791,4","1.157,36","782,22"
2022-03-28,"1.870,44","1.857,88","843,54",,,"1.841,88","1.172,27","835,67"
2022-04-04,"1.792,72","1.788,17","829,69",,,"1.758,71","1.156,91","798,44"
2022-04-11,"1.765,36","1.760,56","837,28",,,"1.737,44","1.135,27","765,89"
2022-04-18,"1.757,24","1.750,73","838,93",,,"1.785,76","1.155,91","787,33"
2022-04-25,"1.766,28","1.767,42","840,48",,,"1.792,83","1.160,27",790
2022-05-02,"1.778,28","1.791,12","844,79",,,"1.839,33","1.179,45","804,78"
2022-05-09,"1.808,27","1.830,6","837,75",,,"1.827,79","1.169,09","801,11"
2022-05-16,"1.823,14","1.827,96","834,31",,,"1.808,92","1.168,18","795,89"
2022-05-23,"1.873,11","1.819,95","832,08",,,"1.785,74",1.190,"801,89"
2022-05-30,"1.885,46","1.812,79","830,89",,,"1.819,29","1.205,27","814,56"
2022-06-06,"1.940,54","1.851,52","830,25",,,"1.899,71","1.236,45","838,78"
2022-06-13,"2.014,26","1.935,27","829,79",,,"1.958,48","1.260,27","858,56"
2022-06-20,"2.063,48","2.006,04","829,72",,,"1.991,41","1.270,91","832,44"
2022-06-27,"2.073,98","2.033,83","829,63",,,"2.011,59","1.270,45",806
2022-07-04,"2.065,05","2.022,53","828,89",,,"1.972,42","1.229,36",818
2022-07-11,"2.028,44","1.981,63","826,76",,,"1.958,61","1.262,27","799,44"
2022-07-18,"1.988,71","1.940,89","825,41",,,1.947,"1.200,73","771,44"
2022-07-25,"1.937,48","1.894,46","823,58",,,1.887,1.199,"791,56"
2022-08-01,"1.877,15","1.851,65","820,68",,,"1.884,09","1.210,82","791,67"
2022-08-08,"1.830,6","1.811,28","808,98",,,"1.779,89","1.193,2","763,33"
2022-08-15,"1.770,22","1.756,53","800,4",,,"1.750,94","1.228,27","776,22"
2022-08-22,"1.749,31","1.744,4","805,11",,,"1.793,86","1.212,91","769,33"
2022-08-29,"1.761,48","1.808,69","798,3",,,"1.870,71","1.244,64","801,22"
2022-09-05,"1.746,58","1.838,4","802,29",,,"1.862,35","1.215,2","759,56"
2022-09-12,"1.722,22","1.827,79","802,54",,,"1.825,04","1.195,09","739,67"
2022-09-19,"1.691,49","1.803,09","800,58",,,"1.771,42",1.186,"734,56"
2022-09-26,"1.656,12","1.761,73","799,38",,,"1.789,38","1.189,45","740,22"
2022-10-03,"1.632,81","1.738,33","796,66",,,"1.792,42","1.184,64","738,44"
2022-10-10,"1.659,78","1.788,98","794,86",,,"1.894,96","1.226,45","764,22"
2022-10-17,"1.697,59","1.882,67","793,71",,,"1.911,04","1.233,82","750,89"
2022-10-24,"1.691,24","1.880,08","787,24",,,"1.882,22","1.224,91","736,11"
2022-10-31,"1.677,74","1.865,54","777,79",,,"1.866,61",1.223,"742,11"
2022-11-07,"1.687,73","1.858,56","779,25",,,"1.848,91","1.221,27","745,89"
2022-11-14,"1.709,93","1.852,46","776,94",,,"1.800,17","1.206,73","732,11"
2022-11-21,"1.697,11","1.809,92","771,57",,,"1.742,17","1.163,45","676,22"
2022-11-28,"1.659,8","1.747,93","768,3",,,"1.701,91","1.143,45","657,22"
2022-12-05,"1.689,44","1.764,68","776,46",,,"1.697,75","1.138,27","670,11"
2022-12-12,"1.701,59","1.770,08","784,92",,,"1.606,63","1.097,82","621,67"
2022-12-19,"1.662,96","1.717,14","770,51",,,"1.647,71","1.092,91","625,11"
2022-12-26,"1.625,22","1.689,77","777,6",,,"1.635,42","1.099,18","638,89"
2023-01-01,"1.644,09","1.707,84","783,47",,,"1.652,71","1.104,55","639,89"
2023-01-09,"1.812,01","1.868,13","809,54",,,"1.637,48","1.104,91","632,67"
2023-01-16,"1.813,58","1.863,68","799,71",,,"1.651,57","1.120,82","636,78"
2023-01-23,"1.829,47","1.875,1","797,85",,,"1.674,7","1.129,73","645,22"
2023-01-30,"1.871,31","1.912,32","796,49",,,"1.663,83","1.131,27","655,78"
2023-02-06,"1.872,37","1.897,04","792,57",,,"1.601,04","1.108,64","642,22"
2023-02-13,"1.859,74","1.853,17","800,95",,,"1.571,29","1.114,55","657,67"
2023-02-20,"1.860,01","1.836,58","803,24",,,"1.577,38","1.110,73","658,22"
2023-02-27,"1.856,45","1.821,71","804,54",,,"1.567,58","1.101,55","648,78"
2023-03-06,"1.852,84","1.809,06","802,63",,,"1.586,5","1.111,27","659,56"
2023-03-13,"1.859,93","1.812,58","800,22",,,"1.571,17","1.103,82","651,78"
2023-03-20,"1.855,34","1.801,8","797,97",,,"1.530,96","1.071,09","607,89"
2023-03-27,"1.850,86","1.800,67","795,57",,,"1.519,52","1.074,09","605,78"
2023-04-03,"1.858,14","1.766,77","793,5",,,"1.508,39","1.075,91",617
2023-04-10,"1.875,28","1.767,22","789,06",,,"1.523,36","1.100,5","637,11"
2023-04-17,"1.885,7","1.766,49","783,92",,,"1.517,04","1.090,27","637,33"
2023-04-24,"1.877,95","1.745,61","774,09",,,"1.480,39","1.082,09","629,89"
2023-05-01,"1.857,54","1.710,83","772,03",,,"1.446,26","1.070,64","618,11"
2023-05-08,"1.834,76","1.679,86","768,74",,,"1.415,91","1.050,64","592,44"
2023-05-15,"1.811,6","1.654,14","762,22",,,"1.428,3","1.044,64","597,22"
2023-05-22,"1.807,54","1.650,33","759,1",,,"1.433,91","1.051,27","609,22"
2023-05-29,"1.818,47","1.662,3","756,81",,,"1.429,13","1.052,45","610,78"
2023-06-05,"1.822,23","1.661,44","752,01",,,"1.424,39","1.046,73","602,67"
2023-06-12,"1.831,44","1.668,44","739,83",,,"1.440,61","1.058,36","611,89"
2023-06-19,"1.840,97","1.677,35","734,12",,,"1.449,39","1.068,27","621,11"
2023-06-26,"1.852,43","1.690,32","727,54",,,"1.449,91","1.065,27","618,33"
2023-07-03,"1.846,49","1.685,02","720,16",,,"1.444,7","1.067,64",619
2023-07-10,"1.844,85","1.683,77","715,81",,,"1.454,43",1.069,"623,22"
2023-07-17,"1.859,58","1.703,27","712,28",,,"1.470,09","1.076,73","632,44"
2023-07-24,"1.864,04","1.709,59","709,56",,,"1.480,48","1.076,45","627,89"
2023-07-31,"1.897,95","1.746,1","708,32",,,"1.538,77","1.087,36","658,44"
2023-08-07,"1.929,24","1.796,41","708,49",,,"1.577,59","1.129,18","685,89"
2023-08-14,"1.939,06","1.827,71","709,92",,,"1.604,04","1.151,82","699,56"
2023-08-21,"1.946,16","1.845,34","715,85",,,"1.601,5","1.140,09","691,78"
2023-08-28,"1.947,72","1.847,35","709,16",,,"1.627,3","1.138,36","687,11"
2023-09-04,"1.954,47","1.855,61","707,34",,,"1.625,39","1.138,64",689
2023-09-11,"1.969,59","1.876,7","711,97",,,"1.661,74","1.161,27","705,67"
2023-09-18,"1.997,29","1.924,02","714,83",,,"1.707,61","1.186,18","719,67"
2023-09-25,"2.001,89","1.938,24","715,82",,,"1.711,78","1.189,91","719,78"
2023-10-02,"1.991,58","1.932,12",716,,,"1.708,26","1.189,36","720,22"
2023-10-09,"1.962,69","1.921,63","721,24",,,"1.647,91","1.161,64","677,67"
2023-10-16,"1.918,68","1.897,3","723,24",,,"1.651,57","1.171,45","686,78"
2023-10-23,"1.895,48","1.883,7","724,01",,,"1.662,3","1.182,36","706,89"
2023-10-30,"1.872,85","1.865,34","725,33",,,"1.644,7","1.171,09","689,56"
2023-11-06,"1.854,2","1.847,71","727,8",,,"1.626,3","1.168,45","682,44"
2023-11-13,"1.834,98","1.824,28","725,75",,,"1.572,3","1.123,3","658,22"
2023-11-20,"1.815,68","1.796,53","726,35",,,"1.554,43",1.103,"646,11"
2023-11-27,"1.805,32","1.785,41","724,33",,,"1.565,57","1.104,5",628
2023-12-04,"1.797,06","1.773,4",725,,,"1.546,25","1.108,5","624,09"
2023-12-11,"1.780,08","1.753,7","726,01",,,1.532,"1.080,3","609,36"
2023-12-18,"1.765,91","1.732,08","715,93",,,"1.507,88","1.058,7","609,64"
2023-12-25,"1.764,79","1.725,19","721,23","1.411,6","1.430,45","1.522,96","1.069,1","619,64"
2024-01-01,"1.772,05","1.730,66","726,7","1.408,74","1.430,29","1.516,38","1.059,9","615,64"
2024-01-08,"1.773,66","1.730,54","728,6","1.406,71","1.414,79","1.511,22","1.084,1","614,09"
2024-01-15,"1.768,94","1.724,52","719,65","1.399,52","1.327,05","1.525,42",1.093,"630,91"
2024-01-22,"1.777,8","1.734,14","718,53","1.390,69","1.294,71","1.535,08","1.068,5","624,73"
2024-01-29,"1.811,86","1.766,89","717,43","1.382,21","1.291,81","1.553,08","1.078,8","643,27"
2024-02-05,"1.826,72","1.785,61","718,14","1.377,4","1.287,76","1.569,17","1.101,6",642
2024-02-12,"1.839,98","1.801,49","723,42","1.368,9","1.259,53","1.582,83",1.106,"642,91"
2024-02-19,"1.863,91","1.832,56","724,63","1.356,86","1.221,62","1.593,79","1.112,6","646,91"
2024-02-26,"1.858,97","1.826,36","724,13","1.348,26","1.213,45","1.564,63","1.105,7","654,91"
2024-03-04,"1.851,97","1.812,73","723,45","1.335,62","1.199,69","1.552,79","1.107,9","659,09"
2024-03-11,"1.852,73","1.800,71","721,82","1.324,88","1.172,24","1.547,38","1.104,4","657,27"
2024-03-18,"1.851,39","1.789,97","721,75","1.319,31","1.142,38","1.559,25","1.104,9","658,73"
2024-03-25,"1.877,18","1.800,72","721,51","1.311,86","1.135,83","1.559,04","1.108,5","663,91"
2024-04-01,"1.887,2","1.793,05","723,31","1.306,81","1.132,95","1.542,74","1.112,4","672,64"
2024-04-08,"1.900,79","1.798,77","722,92","1.305,52","1.132,17","1.563,52","1.110,4","667,55"
2024-04-15,"1.913,74","1.806,87","720,96","1.303,43","1.138,43","1.566,13","1.114,1","668,91"
2024-04-22,"1.920,49","1.802,5","720,63","1.300,95","1.129,64","1.539,96","1.107,2","663,27"
2024-04-29,"1.914,59","1.789,87","722,26","1.297,88","1.132,69","1.517,5","1.100,8","665,18"
2024-05-06,"1.912,29","1.775,21","721,83","1.296,67","1.141,14","1.499,59","1.090,7","651,64"
2024-05-13,"1.898,59","1.753,3","720,15","1.305,12","1.171,24","1.497,59","1.082,1","636,09"
2024-05-20,"1.882,89","1.733,26","719,34","1.306,48","1.175,29","1.480,45","1.073,5","626,36"
2024-05-27,"1.873,93","1.722,41","717,82","1.306,74","1.178,02","1.474,09","1.067,3","620,18"
2024-06-03,"1.865,1","1.710,95","716,7","1.303,07","1.174,17","1.470,95","1.073,3","632,27"
2024-06-10,"1.850,71","1.694,99","715,07","1.305,5","1.190,02","1.449,91","1.066,6","627,27"
2024-06-17,"1.844,38","1.694,32","714,73","1.307,06","1.206,92","1.484,14","1.082,3",651
2024-06-24,"1.845,63","1.715,81","712,99","1.307,95","1.207,43","1.496,57","1.100,3","672,09"
2024-07-01,"1.859,74","1.737,52","712,68","1.308,26","1.206,36","1.507,32","1.108,8","685,73"
2024-07-08,"1.871,49","1.751,72","719,49","1.312,17","1.223,74","1.515,41","1.114,4","692,64"
2024-07-15,"1.869,84","1.751,01","723,27","1.313,45","1.238,17","1.488,55","1.084,78","673,27"
2024-07-22,"1.862,18","1.742,43","722,46","1.310,55","1.240,52","1.472,71","1.077,33","662,09"
2024-07-29,"1.851,45","1.730,64","721,39","1.311,33","1.241,24","1.464,14","1.070,33","649,91"
2024-08-05,"1.838,6","1.717,25","720,89","1.307,38","1.241,21","1.457,62","1.062,89","644,64"
2024-08-12,"1.827,97","1.705,2","721,23","1.308,05","1.234,6","1.442,36",1.059,"643,45"
2024-08-19,"1.822,12","1.698,41","729,18","1.316,74","1.233,93","1.441,32","1.062,56","656,45"
2024-08-26,"1.810,97","1.684,24","722,89","1.318,5","1.233,67","1.414,9","1.050,89","641,82"
2024-09-02,"1.795,76","1.668,07","721,2","1.321,83","1.240,67","1.414,41","1.054,22","643,36"
2024-09-09,"1.782,35","1.655,45","721,25","1.326,52","1.270,45","1.390,86","1.040,33","624,09"
2024-09-16,"1.759,44","1.635,68","722,17","1.331,56","1.298,08","1.377,41","1.027,11","607,91"
2024-09-23,"1.742,98","1.622,17","722,27","1.333,07","1.297,17","1.373,36","1.027,11","608,82"
2024-09-30,"1.734,83","1.615,51","722,15","1.334,02","1.297,14","1.371,55","1.024,33","603,64"
2024-10-07,"1.731,41","1.612,36","724,35","1.333,02","1.292,71",1.396,"1.041,78","622,18"
2024-10-14,"1.757,47","1.639,97","726,23","1.333,88","1.281,69","1.422,23","1.058,89","641,45"
2024-10-21,"1.765,34","1.645,3","728,03","1.334,5","1.280,17","1.404,45","1.041,22","618,27"
2024-10-28,"1.762,1","1.635,45","729,56","1.335,19","1.282,74","1.401,23","1.045,44","625,91"
2024-11-04,"1.756,48","1.631,93","731,77","1.335,98","1.276,21","1.403,45","1.041,33","620,91"
2024-11-11,"1.756,36","1.635,33","732,02","1.340,71","1.297,69","1.420,95","1.046,33","623,45"
2024-11-18,"1.753,91","1.634,42","733,97","1.351,93","1.326,33","1.421,55","1.047,11","622,36"
2024-11-25,"1.758,14","1.648,88","736,23","1.366,21","1.326,69","1.438,5","1.058,56","634,27"
2024-12-02,"1.763,67","1.661,54","737,47","1.377,88","1.326,57","1.429,09","1.052,44",636
2024-12-09,"1.757,09","1.655,42","737,85","1.395,36","1.362,95",1.417,"1.052,33","635,45"
2024-12-16,"1.750,38","1.647,8","738,11","1.405,14",1.377,"1.430,35","1.056,78","637,36"
2024-12-23,"1.754,6","1.653,28","738,58","1.411,07","1.372,83","1.440,52","1.057,67","639,18"
2024-12-30,"1.756,73","1.656,03","742,94","1.413,05","1.378,19","1.442,09",1.058,"639,73"
2025-01-06,"1.772,59","1.671,86","741,64","1.422,3",1.391,1.465,1.064,"642,45"
2025-01-13,"1.793,1","1.692,43","740,75","1.434,77","1.443,2","1.472,7","1.065,56",643
2025-01-20,"1.823,06","1.726,9","739,29","1.462,48","1.460,83","1.507,78","1.081,22","654,82"
2025-01-27,"1.831,25","1.739,48","738,8","1.478,14","1.450,71","1.489,91","1.067,67","644,09"
2025-02-03,"1.823,49","1.730,36","739,1","1.481,64","1.448,19","1.474,7","1.060,67","637,82"
2025-02-10,"1.820,88","1.724,08","743,06","1.493,21","1.472,95","1.474,43",1.073,"661,09"
2025-02-17,"1.824,64","1.727,34","744,6","1.523,64","1.497,06","1.479,39","1.073,56","658,45"
2025-02-24,"1.823,63","1.726,95","745,11","1.537,79","1.500,4","1.483,96","1.072,11","655,27"
2025-03-03,"1.816,14","1.719,08","744,99","1.537,6","1.506,9","1.465,22","1.056,56","641,45"
2025-03-10,"1.801,83","1.703,75","744,89","1.527,64","1.499,05","1.435,9","1.029,33","603,64"
2025-03-17,"1.782,14","1.683,35","744,28","1.515,81","1.489,79","1.403,39","1.016,89","593,55"
2025-03-24,"1.767,14","1.666,89","742,89","1.505,9","1.485,5","1.410,61","1.015,22","587,55"
2025-03-31,"1.761,76","1.659,51","742,32","1.500,12","1.481,21","1.421,09","1.022,44","598,91"
2025-04-07,"1.761,2","1.657,17","741,72","1.493,02","1.462,86","1.397,52","1.001,22","579,91"
2025-04-14,"1.738,73","1.632,42","737,49","1.483,62","1.438,26","1.353,7","976,78","545,91"
2025-04-21,"1.716,1","1.609,69","740,32","1.476,93","1.416,31","1.337,64",974,"547,27"
2025-04-28,"1.705,23","1.598,8","740,63","1.472,33","1.410,17","1.345,5","973,89",547
2025-05-05,"1.696,76","1.589,49","736,35","1.460,14","1.404,69","1.327,18","959,78","533,18"
2025-05-12,"1.689,68","1.578,61","721,68","1.445,74","1.351,6","1.323,68",964,"532,18"
2025-05-19,"1.698,71","1.591,15","720,29","1.437,88","1.306,24","1.336,23","974,78","548,45"
2025-05-26,"1.697,83","1.598,57","721,08","1.433,19","1.280,33","1.334,18","976,22","550,91"
2025-06-02,"1.693,05","1.591,57","720,37","1.429,57","1.276,88","1.332,27","981,33","558,73"
2025-06-09,"1.689,77","1.585,58","716,04","1.424,02","1.273,1","1.332,76","995,33","557,55"
2025-06-16,"1.696,55","1.593,69","708,79","1.420,14","1.257,02","1.354,14",1.003,"581,82"
2025-06-23,"1.734,08","1.643,08","708,26","1.419,24","1.256,26","1.442,35","1.005,88","582,11"
2025-06-30,"1.747,25","1.675,91","708,11","1.422,31","1.256,62","1.402,68","1.007,33","560,82"
2025-07-07,"1.733,47","1.663,66","706,45","1.423,48","1.261,31","1.406,38","1.014,89","567,82"
2025-07-14,"1.728,84","1.662,84","704,93","1.424,14","1.265,5","1.413,62","1.019,22","574,55"
2025-07-21,"1.727,25","1.663,72","703,22","1.418,6","1.258,81","1.429,52","1.019,67","575,09"
2025-07-28,"1.720,58","1.660,36","702,66","1.411,71","1.245,69","1.412,05",1.014,"566,82"
2025-08-04,"1.712,69","1.648,86","701,66","1.411,31","1.245,07","1.402,18",1.015,572
2025-08-11,"1.709,33","1.641,44",701,"1.408,17","1.230,24","1.385,14","1.001,33","566,64"
2025-08-18,"1.701,28","1.631,42","705,98","1.406,93","1.222,12","1.368,91","993,78","556,27"
2025-08-25,"1.695,43","1.622,04","702,4","1.407,31","1.225,9","1.378,77","992,56","551,64"
2025-09-01,"1.696,77","1.622,47","699,25","1.406,74","1.232,93","1.373,41","989,44","548,18"
2025-09-08,"1.705,35","1.630,15","698,63","1.405,19","1.217,24","1.378,59","987,44","533,18"
2025-09-15,"1.710,83","1.634,84","697,61","1.402,62","1.207,29",1.388,"980,67",532
2025-09-22,"1.713,49","1.638,35","696,7","1.401,38","1.208,48","1.386,77","984,11","534,82"
2025-09-29,"1.711,7","1.637,71","696,2","1.399,76","1.206,9","1.395,45","992,78","542,09"
2025-10-06,"1.708,86","1.636,02","695,05","1.398,12","1.205,79","1.381,09","980,78","531,09"
2025-10-13,"1.699,29","1.625,43","695,5","1.394,4","1.207,4","1.375,64","982,44","533,27"
2025-10-20,"1.690,31","1.615,8","695,52","1.392,29","1.207,38","1.357,86",972,"522,55"
2025-10-27,"1.683,46","1.608,83","695,19","1.391,21","1.204,43","1.393,13","989,22","533,36"
2025-11-03,"1.694,83","1.632,28","696,05","1.388,95","1.203,4","1.406,61","989,33","534,45"
