"Date","Price","Open","High","Low","Vol.","Change %"
"01/02/2005","0.7660","0.7382","0.7672","0.7364","","3.85%"
"01/09/2005","0.7630","0.7657","0.7663","0.7522","","-0.39%"
"01/16/2005","0.7664","0.7633","0.7738","0.7618","","0.45%"
"01/23/2005","0.7667","0.7668","0.7725","0.7619","","0.04%"
"01/30/2005","0.7768","0.7673","0.7764","0.7636","","1.32%"
"02/06/2005","0.7774","0.7777","0.7855","0.7750","","0.08%"
"02/13/2005","0.7651","0.7771","0.7771","0.7640","","-1.58%"
"02/20/2005","0.7551","0.7662","0.7674","0.7533","","-1.31%"
"02/27/2005","0.7552","0.7551","0.7641","0.7531","","0.01%"
"03/06/2005","0.7433","0.7552","0.7588","0.7418","","-1.58%"
"03/13/2005","0.7510","0.7431","0.7539","0.7420","","1.04%"
"03/20/2005","0.7716","0.7511","0.7735","0.7509","","2.74%"
"03/27/2005","0.7748","0.7714","0.7778","0.7658","","0.41%"
"04/03/2005","0.7731","0.7762","0.7814","0.7728","","-0.22%"
"04/10/2005","0.7747","0.7735","0.7831","0.7685","","0.21%"
"04/17/2005","0.7653","0.7744","0.7766","0.7619","","-1.21%"
"04/24/2005","0.7768","0.7655","0.7771","0.7652","","1.50%"
"05/01/2005","0.7801","0.7775","0.7806","0.7697","","0.42%"
"05/08/2005","0.7924","0.7803","0.7928","0.7744","","1.58%"
"05/15/2005","0.7965","0.7919","0.7977","0.7879","","0.52%"
"05/22/2005","0.7955","0.7970","0.8000","0.7917","","-0.13%"
"05/29/2005","0.8175","0.7981","0.8219","0.7970","","2.77%"
"06/05/2005","0.8250","0.8180","0.8259","0.8096","","0.92%"
"06/12/2005","0.8138","0.8257","0.8322","0.8149","","-1.36%"
"06/19/2005","0.8270","0.8193","0.8345","0.8170","","1.62%"
"06/26/2005","0.8367","0.8269","0.8376","0.8206","","1.17%"
"07/03/2005","0.8352","0.8375","0.8426","0.8305","","-0.18%"
"07/10/2005","0.8310","0.8355","0.8364","0.8162","","-0.50%"
"07/17/2005","0.8289","0.8315","0.8365","0.8159","","-0.25%"
"07/24/2005","0.8244","0.8295","0.8358","0.8223","","-0.54%"
"07/31/2005","0.8090","0.8245","0.8261","0.8062","","-1.87%"
"08/07/2005","0.8044","0.8100","0.8121","0.8008","","-0.57%"
"08/14/2005","0.8230","0.8026","0.8247","0.8024","","2.31%"
"08/21/2005","0.8144","0.8221","0.8226","0.8101","","-1.04%"
"08/28/2005","0.7984","0.8136","0.8217","0.7942","","-1.96%"
"09/04/2005","0.8060","0.7977","0.8081","0.7946","","0.95%"
"09/11/2005","0.8173","0.8062","0.8201","0.8054","","1.40%"
"09/18/2005","0.8307","0.8217","0.8301","0.8150","","1.64%"
"09/25/2005","0.8311","0.8312","0.8349","0.8271","","0.05%"
"10/02/2005","0.8251","0.8316","0.8403","0.8198","","-0.72%"
"10/09/2005","0.8283","0.8254","0.8393","0.8227","","0.39%"
"10/16/2005","0.8369","0.8278","0.8421","0.8250","","1.04%"
"10/23/2005","0.8287","0.8374","0.8389","0.8214","","-0.98%"
"10/30/2005","0.8459","0.8291","0.8473","0.8270","","2.08%"
"11/06/2005","0.8530","0.8466","0.8569","0.8450","","0.84%"
"11/13/2005","0.8497","0.8533","0.8592","0.8478","","-0.39%"
"11/20/2005","0.8531","0.8493","0.8557","0.8428","","0.40%"
"11/27/2005","0.8536","0.8536","0.8576","0.8418","","0.06%"
"12/04/2005","0.8468","0.8543","0.8556","0.8439","","-0.80%"
"12/11/2005","0.8323","0.8488","0.8491","0.8290","","-1.71%"
"12/18/2005","0.8421","0.8315","0.8474","0.8306","","1.18%"
"12/25/2005","0.8442","0.8432","0.8490","0.8380","","0.25%"
"01/01/2006","0.8230","0.8444","0.8474","0.8209","","-2.51%"
"01/08/2006","0.8244","0.8234","0.8328","0.8222","","0.17%"
"01/15/2006","0.8240","0.8233","0.8306","0.8213","","-0.05%"
"01/22/2006","0.8264","0.8236","0.8264","0.8114","","0.29%"
"01/29/2006","0.8317","0.8260","0.8355","0.8211","","0.64%"
"02/05/2006","0.8404","0.8312","0.8406","0.8303","","1.05%"
"02/12/2006","0.8381","0.8400","0.8441","0.8365","","-0.27%"
"02/19/2006","0.8423","0.8381","0.8431","0.8350","","0.50%"
"02/26/2006","0.8307","0.8421","0.8456","0.8296","","-1.38%"
"03/05/2006","0.8393","0.8298","0.8432","0.8268","","1.04%"
"03/12/2006","0.8204","0.8392","0.8397","0.8191","","-2.25%"
"03/19/2006","0.8310","0.8209","0.8368","0.8198","","1.29%"
"03/26/2006","0.8252","0.8307","0.8348","0.8213","","-0.70%"
"04/02/2006","0.8271","0.8255","0.8312","0.8107","","0.23%"
"04/09/2006","0.8258","0.8260","0.8288","0.8219","","-0.16%"
"04/16/2006","0.8102","0.8250","0.8250","0.8070","","-1.89%"
"04/23/2006","0.7915","0.8085","0.8109","0.7913","","-2.31%"
"04/30/2006","0.7857","0.7920","0.7964","0.7834","","-0.73%"
"05/07/2006","0.7731","0.7851","0.7898","0.7718","","-1.60%"
"05/14/2006","0.7829","0.7725","0.7877","0.7709","","1.27%"
"05/21/2006","0.7853","0.7836","0.7877","0.7756","","0.31%"
"05/28/2006","0.7740","0.7854","0.7863","0.7728","","-1.44%"
"06/04/2006","0.7909","0.7733","0.7938","0.7704","","2.18%"
"06/11/2006","0.7909","0.7925","0.7981","0.7889","","0.00%"
"06/18/2006","0.7992","0.7907","0.8014","0.7887","","1.05%"
"06/25/2006","0.7818","0.7994","0.7999","0.7817","","-2.18%"
"07/02/2006","0.7806","0.7822","0.7872","0.7774","","-0.15%"
"07/09/2006","0.7905","0.7804","0.7920","0.7802","","1.27%"
"07/16/2006","0.7875","0.7910","0.8026","0.7876","","-0.38%"
"07/23/2006","0.7835","0.7871","0.7961","0.7829","","-0.51%"
"07/30/2006","0.7769","0.7833","0.7862","0.7746","","-0.84%"
"08/06/2006","0.7862","0.7766","0.7865","0.7744","","1.20%"
"08/13/2006","0.7796","0.7863","0.7876","0.7759","","-0.84%"
"08/20/2006","0.7841","0.7796","0.7859","0.7728","","0.58%"
"08/27/2006","0.7790","0.7835","0.7844","0.7764","","-0.65%"
"09/03/2006","0.7890","0.7787","0.7906","0.7767","","1.28%"
"09/10/2006","0.7906","0.7894","0.7917","0.7840","","0.20%"
"09/17/2006","0.7825","0.7912","0.7917","0.7792","","-1.02%"
"09/24/2006","0.7892","0.7821","0.7912","0.7800","","0.86%"
"10/01/2006","0.7937","0.7885","0.7954","0.7832","","0.57%"
"10/08/2006","0.7989","0.7942","0.8011","0.7926","","0.66%"
"10/15/2006","0.7928","0.7997","0.8007","0.7911","","-0.76%"
"10/22/2006","0.7848","0.7925","0.7984","0.7842","","-1.01%"
"10/29/2006","0.7863","0.7855","0.7887","0.7813","","0.19%"
"11/05/2006","0.7786","0.7865","0.7880","0.7752","","-0.98%"
"11/12/2006","0.7796","0.7787","0.7836","0.7765","","0.13%"
"11/19/2006","0.7638","0.7797","0.7814","0.7628","","-2.03%"
"11/26/2006","0.7499","0.7595","0.7642","0.7491","","-1.82%"
"12/03/2006","0.7574","0.7499","0.7580","0.7480","","1.00%"
"12/10/2006","0.7645","0.7591","0.7652","0.7524","","0.94%"
"12/17/2006","0.7608","0.7647","0.7662","0.7550","","-0.48%"
"12/24/2006","0.7575","0.7615","0.7639","0.7572","","-0.43%"
"12/31/2006","0.7689","0.7577","0.7704","0.7520","","1.50%"
"01/07/2007","0.7741","0.7686","0.7772","0.7661","","0.68%"
"01/14/2007","0.7712","0.7735","0.7754","0.7691","","-0.37%"
"01/21/2007","0.7741","0.7714","0.7766","0.7665","","0.38%"
"01/28/2007","0.7712","0.7740","0.7753","0.7655","","-0.37%"
"02/04/2007","0.7689","0.7715","0.7745","0.7665","","-0.30%"
"02/11/2007","0.7611","0.7696","0.7727","0.7591","","-1.01%"
"02/18/2007","0.7594","0.7601","0.7645","0.7581","","-0.22%"
"02/25/2007","0.7580","0.7595","0.7609","0.7543","","-0.18%"
"03/04/2007","0.7626","0.7576","0.7650","0.7569","","0.61%"
"03/11/2007","0.7511","0.7618","0.7629","0.7497","","-1.51%"
"03/18/2007","0.7528","0.7509","0.7535","0.7457","","0.23%"
"03/25/2007","0.7486","0.7528","0.7544","0.7463","","-0.56%"
"04/01/2007","0.7474","0.7478","0.7509","0.7440","","-0.16%"
"04/08/2007","0.7392","0.7478","0.7497","0.7377","","-1.10%"
"04/15/2007","0.7358","0.7377","0.7395","0.7332","","-0.46%"
"04/22/2007","0.7325","0.7353","0.7386","0.7309","","-0.45%"
"04/29/2007","0.7358","0.7336","0.7390","0.7310","","0.45%"
"05/06/2007","0.7392","0.7352","0.7428","0.7338","","0.46%"
"05/13/2007","0.7403","0.7389","0.7426","0.7347","","0.15%"
"05/20/2007","0.7440","0.7397","0.7456","0.7391","","0.50%"
"05/27/2007","0.7436","0.7436","0.7468","0.7396","","-0.05%"
"06/03/2007","0.7478","0.7439","0.7508","0.7378","","0.56%"
"06/10/2007","0.7470","0.7481","0.7540","0.7471","","-0.11%"
"06/17/2007","0.7425","0.7475","0.7479","0.7424","","-0.60%"
"06/24/2007","0.7385","0.7426","0.7454","0.7385","","-0.54%"
"07/01/2007","0.7338","0.7384","0.7392","0.7320","","-0.64%"
"07/08/2007","0.7255","0.7335","0.7357","0.7241","","-1.13%"
"07/15/2007","0.7232","0.7255","0.7272","0.7223","","-0.32%"
"07/22/2007","0.7335","0.7227","0.7338","0.7219","","1.42%"
"07/29/2007","0.7261","0.7344","0.7348","0.7243","","-1.01%"
"08/05/2007","0.7303","0.7236","0.7330","0.7225","","0.58%"
"08/12/2007","0.7421","0.7307","0.7485","0.7293","","1.62%"
"08/19/2007","0.7309","0.7417","0.7434","0.7309","","-1.51%"
"08/26/2007","0.7337","0.7313","0.7373","0.7289","","0.38%"
"09/02/2007","0.7263","0.7336","0.7380","0.7247","","-1.01%"
"09/09/2007","0.7207","0.7258","0.7264","0.7181","","-0.77%"
"09/16/2007","0.7097","0.7211","0.7232","0.7082","","-1.53%"
"09/23/2007","0.7007","0.7096","0.7112","0.7011","","-1.27%"
"09/30/2007","0.7075","0.7005","0.7127","0.7002","","0.97%"
"10/07/2007","0.7053","0.7071","0.7136","0.7022","","-0.31%"
"10/14/2007","0.6990","0.7052","0.7071","0.6983","","-0.89%"
"10/21/2007","0.6947","0.6978","0.7080","0.6947","","-0.62%"
"10/28/2007","0.6893","0.6937","0.6957","0.6884","","-0.78%"
"11/04/2007","0.6814","0.6889","0.6923","0.6778","","-1.15%"
"11/11/2007","0.6823","0.6816","0.6887","0.6791","","0.13%"
"11/18/2007","0.6740","0.6817","0.6840","0.6682","","-1.22%"
"11/25/2007","0.6834","0.6746","0.6825","0.6708","","1.39%"
"12/02/2007","0.6823","0.6832","0.6884","0.6770","","-0.16%"
"12/09/2007","0.6935","0.6824","0.6938","0.6780","","1.64%"
"12/16/2007","0.6962","0.6950","0.6988","0.6919","","0.39%"
"12/23/2007","0.6796","0.6957","0.6965","0.6789","","-2.38%"
"12/30/2007","0.6783","0.6793","0.6861","0.6746","","-0.19%"
"01/06/2008","0.6768","0.6779","0.6831","0.6748","","-0.22%"
"01/13/2008","0.6844","0.6765","0.6854","0.6702","","1.12%"
"01/20/2008","0.6816","0.6847","0.6961","0.6767","","-0.41%"
"01/27/2008","0.6758","0.6811","0.6821","0.6687","","-0.85%"
"02/03/2008","0.6892","0.6754","0.6922","0.6736","","1.98%"
"02/10/2008","0.6812","0.6887","0.6906","0.6799","","-1.16%"
"02/17/2008","0.6743","0.6813","0.6845","0.6728","","-1.01%"
"02/24/2008","0.6587","0.6739","0.6766","0.6563","","-2.31%"
"03/02/2008","0.6515","0.6583","0.6603","0.6468","","-1.09%"
"03/09/2008","0.6380","0.6510","0.6544","0.6374","","-2.07%"
"03/16/2008","0.6480","0.6367","0.6495","0.6288","","1.57%"
"03/23/2008","0.6329","0.6481","0.6518","0.6308","","-2.33%"
"03/30/2008","0.6355","0.6326","0.6447","0.6291","","0.41%"
"04/06/2008","0.6327","0.6356","0.6399","0.6284","","-0.44%"
"04/13/2008","0.6323","0.6370","0.6379","0.6257","","-0.06%"
"04/20/2008","0.6400","0.6326","0.6428","0.6242","","1.22%"
"04/27/2008","0.6483","0.6405","0.6510","0.6372","","1.30%"
"05/04/2008","0.6459","0.6479","0.6543","0.6412","","-0.37%"
"05/11/2008","0.6420","0.6462","0.6507","0.6410","","-0.60%"
"05/18/2008","0.6343","0.6412","0.6457","0.6324","","-1.20%"
"05/25/2008","0.6430","0.6342","0.6467","0.6322","","1.37%"
"06/01/2008","0.6338","0.6425","0.6509","0.6343","","-1.43%"
"06/08/2008","0.6503","0.6333","0.6534","0.6311","","2.60%"
"06/15/2008","0.6408","0.6490","0.6516","0.6389","","-1.46%"
"06/22/2008","0.6332","0.6400","0.6465","0.6335","","-1.19%"
"06/29/2008","0.6367","0.6338","0.6389","0.6286","","0.55%"
"07/06/2008","0.6273","0.6371","0.6405","0.6271","","-1.48%"
"07/13/2008","0.6310","0.6263","0.6332","0.6236","","0.59%"
"07/20/2008","0.6365","0.6314","0.6397","0.6272","","0.87%"
"07/27/2008","0.6424","0.6368","0.6446","0.6342","","0.93%"
"08/03/2008","0.6664","0.6423","0.6666","0.6398","","3.74%"
"08/10/2008","0.6809","0.6696","0.6820","0.6630","","2.18%"
"08/17/2008","0.6760","0.6812","0.6836","0.6707","","-0.72%"
"08/24/2008","0.6815","0.6764","0.6864","0.6752","","0.81%"
"08/31/2008","0.7009","0.6803","0.7044","0.6793","","2.85%"
"09/07/2008","0.7028","0.6965","0.7205","0.6930","","0.27%"
"09/14/2008","0.6913","0.6979","0.7104","0.6877","","-1.64%"
"09/21/2008","0.6843","0.6901","0.6927","0.6735","","-1.01%"
"09/28/2008","0.7262","0.6880","0.7297","0.6866","","6.12%"
"10/05/2008","0.7455","0.7317","0.7488","0.7254","","2.66%"
"10/12/2008","0.7458","0.7372","0.7493","0.7262","","0.04%"
"10/19/2008","0.7922","0.7454","0.8002","0.7390","","6.22%"
"10/26/2008","0.7854","0.7965","0.8111","0.7521","","-0.86%"
"11/02/2008","0.7850","0.7849","0.7983","0.7624","","-0.05%"
"11/09/2008","0.7948","0.7804","0.8072","0.7735","","1.25%"
"11/16/2008","0.7948","0.7972","0.8049","0.7804","","0.00%"
"11/23/2008","0.7875","0.7941","0.7958","0.7644","","-0.92%"
"11/30/2008","0.7854","0.7866","0.7969","0.7783","","-0.27%"
"12/07/2008","0.7478","0.7857","0.7863","0.7454","","-4.79%"
"12/14/2008","0.7188","0.7480","0.7482","0.6794","","-3.88%"
"12/21/2008","0.7111","0.7182","0.7194","0.7080","","-1.07%"
"12/28/2008","0.7206","0.7109","0.7226","0.6963","","1.34%"
"01/04/2009","0.7444","0.7191","0.7513","0.7161","","3.30%"
"01/11/2009","0.7516","0.7426","0.7676","0.7419","","0.97%"
"01/18/2009","0.7696","0.7499","0.7833","0.7470","","2.39%"
"01/25/2009","0.7827","0.7705","0.7826","0.7502","","1.70%"
"02/01/2009","0.7732","0.7830","0.7871","0.7651","","-1.21%"
"02/08/2009","0.7773","0.7717","0.7861","0.7637","","0.53%"
"02/15/2009","0.7786","0.7815","0.7992","0.7775","","0.17%"
"02/22/2009","0.7892","0.7819","0.7934","0.7696","","1.36%"
"03/01/2009","0.7911","0.7921","0.8026","0.7840","","0.24%"
"03/08/2009","0.7737","0.7898","0.7967","0.7717","","-2.20%"
"03/15/2009","0.7363","0.7760","0.7791","0.7279","","-4.83%"
"03/22/2009","0.7519","0.7338","0.7544","0.7280","","2.12%"
"03/29/2009","0.7417","0.7560","0.7625","0.7398","","-1.36%"
"04/05/2009","0.7583","0.7404","0.7640","0.7363","","2.24%"
"04/12/2009","0.7668","0.7582","0.7680","0.7470","","1.12%"
"04/19/2009","0.7545","0.7661","0.7761","0.7518","","-1.60%"
"04/26/2009","0.7538","0.7550","0.7714","0.7471","","-0.09%"
"05/03/2009","0.7328","0.7531","0.7570","0.7347","","-2.79%"
"05/10/2009","0.7410","0.7328","0.7415","0.7289","","1.12%"
"05/17/2009","0.7146","0.7416","0.7450","0.7120","","-3.56%"
"05/24/2009","0.7066","0.7129","0.7250","0.7058","","-1.12%"
"05/31/2009","0.7156","0.7074","0.7168","0.6974","","1.27%"
"06/07/2009","0.7131","0.7165","0.7244","0.7062","","-0.35%"
"06/14/2009","0.7172","0.7147","0.7272","0.7137","","0.57%"
"06/21/2009","0.7116","0.7168","0.7233","0.7073","","-0.78%"
"06/28/2009","0.7162","0.7110","0.7180","0.7042","","0.65%"
"07/05/2009","0.7178","0.7164","0.7230","0.7106","","0.22%"
"07/12/2009","0.7092","0.7170","0.7196","0.7060","","-1.20%"
"07/19/2009","0.7040","0.7088","0.7091","0.6997","","-0.73%"
"07/26/2009","0.7018","0.7030","0.7139","0.6990","","-0.31%"
"08/02/2009","0.7049","0.7009","0.7066","0.6922","","0.44%"
"08/09/2009","0.7040","0.7054","0.7099","0.6980","","-0.13%"
"08/16/2009","0.6982","0.7048","0.7119","0.6956","","-0.82%"
"08/23/2009","0.6994","0.6973","0.7039","0.6946","","0.17%"
"08/30/2009","0.6997","0.6988","0.7050","0.6955","","0.04%"
"09/06/2009","0.6864","0.6990","0.6993","0.6834","","-1.90%"
"09/13/2009","0.6798","0.6849","0.6889","0.6772","","-0.96%"
"09/20/2009","0.6809","0.6803","0.6846","0.6737","","0.16%"
"09/27/2009","0.6863","0.6803","0.6906","0.6793","","0.79%"
"10/04/2009","0.6788","0.6849","0.6859","0.6748","","-1.09%"
"10/11/2009","0.6708","0.6792","0.6814","0.6681","","-1.18%"
"10/18/2009","0.6666","0.6715","0.6742","0.6642","","-0.63%"
"10/25/2009","0.6795","0.6668","0.6809","0.6640","","1.94%"
"11/01/2009","0.6735","0.6798","0.6838","0.6703","","-0.88%"
"11/08/2009","0.6703","0.6718","0.6747","0.6645","","-0.48%"
"11/15/2009","0.6728","0.6699","0.6758","0.6664","","0.37%"
"11/22/2009","0.6682","0.6728","0.6744","0.6603","","-0.68%"
"11/29/2009","0.6734","0.6659","0.6736","0.6604","","0.78%"
"12/06/2009","0.6839","0.6732","0.6856","0.6709","","1.56%"
"12/13/2009","0.6970","0.6837","0.7013","0.6809","","1.92%"
"12/20/2009","0.6946","0.6991","0.7034","0.6927","","-0.34%"
"12/27/2009","0.6981","0.6950","0.7007","0.6916","","0.50%"
"01/03/2010","0.6938","0.6981","0.7014","0.6904","","-0.62%"
"01/10/2010","0.6951","0.6927","0.6970","0.6859","","0.19%"
"01/17/2010","0.7076","0.6968","0.7129","0.6938","","1.80%"
"01/24/2010","0.7212","0.7061","0.7214","0.7044","","1.92%"
"01/31/2010","0.7318","0.7214","0.7359","0.7129","","1.47%"
"02/07/2010","0.7344","0.7308","0.7391","0.7230","","0.36%"
"02/14/2010","0.7345","0.7347","0.7439","0.7251","","0.01%"
"02/21/2010","0.7339","0.7334","0.7434","0.7303","","-0.08%"
"02/28/2010","0.7341","0.7332","0.7443","0.7280","","0.03%"
"03/07/2010","0.7267","0.7336","0.7387","0.7248","","-1.01%"
"03/14/2010","0.7389","0.7258","0.7407","0.7237","","1.68%"
"03/21/2010","0.7455","0.7390","0.7537","0.7369","","0.89%"
"03/28/2010","0.7405","0.7417","0.7472","0.7357","","-0.67%"
"04/04/2010","0.7408","0.7410","0.7530","0.7386","","0.04%"
"04/11/2010","0.7408","0.7331","0.7423","0.7303","","0.00%"
"04/18/2010","0.7471","0.7422","0.7575","0.7394","","0.85%"
"04/25/2010","0.7520","0.7492","0.7625","0.7454","","0.66%"
"05/02/2010","0.7836","0.7493","0.7960","0.7490","","4.20%"
"05/09/2010","0.8089","0.7736","0.8093","0.7637","","3.23%"
"05/16/2010","0.7954","0.8099","0.8234","0.7890","","-1.67%"
"05/23/2010","0.8150","0.7973","0.8228","0.7960","","2.46%"
"05/30/2010","0.8350","0.8148","0.8359","0.8095","","2.45%"
"06/06/2010","0.8256","0.8377","0.8420","0.8228","","-1.13%"
"06/13/2010","0.8073","0.8245","0.8254","0.8054","","-2.22%"
"06/20/2010","0.8079","0.8036","0.8191","0.8021","","0.07%"
"06/27/2010","0.7960","0.8113","0.8230","0.7928","","-1.47%"
"07/04/2010","0.7913","0.7968","0.8013","0.7859","","-0.59%"
"07/11/2010","0.7732","0.7927","0.7986","0.7688","","-2.29%"
"07/18/2010","0.7748","0.7741","0.7855","0.7675","","0.21%"
"07/25/2010","0.7664","0.7723","0.7767","0.7629","","-1.08%"
"08/01/2010","0.7528","0.7621","0.7661","0.7499","","-1.77%"
"08/08/2010","0.7842","0.7541","0.7844","0.7514","","4.17%"
"08/15/2010","0.7869","0.7817","0.7897","0.7738","","0.34%"
"08/22/2010","0.7834","0.7885","0.7945","0.7826","","-0.44%"
"08/29/2010","0.7755","0.7865","0.7921","0.7752","","-1.01%"
"09/05/2010","0.7887","0.7764","0.7909","0.7741","","1.70%"
"09/12/2010","0.7664","0.7816","0.7872","0.7599","","-2.83%"
"09/19/2010","0.7413","0.7657","0.7676","0.7410","","-3.28%"
"09/26/2010","0.7251","0.7425","0.7474","0.7249","","-2.19%"
"10/03/2010","0.7172","0.7281","0.7333","0.7128","","-1.09%"
"10/10/2010","0.7153","0.7176","0.7260","0.7063","","-0.26%"
"10/17/2010","0.7168","0.7166","0.7301","0.7117","","0.21%"
"10/24/2010","0.7169","0.7163","0.7282","0.7102","","0.01%"
"10/31/2010","0.7126","0.7180","0.7213","0.7002","","-0.60%"
"11/07/2010","0.7303","0.7150","0.7367","0.7100","","2.48%"
"11/14/2010","0.7307","0.7327","0.7437","0.7272","","0.05%"
"11/21/2010","0.7551","0.7314","0.7577","0.7253","","3.34%"
"11/28/2010","0.7455","0.7575","0.7713","0.7452","","-1.27%"
"12/05/2010","0.7557","0.7494","0.7596","0.7450","","1.37%"
"12/12/2010","0.7583","0.7521","0.7615","0.7408","","0.34%"
"12/19/2010","0.7623","0.7604","0.7660","0.7574","","0.53%"
"12/26/2010","0.7474","0.7610","0.7650","0.7449","","-1.95%"
"01/02/2011","0.7746","0.7491","0.7749","0.7444","","3.64%"
"01/09/2011","0.7476","0.7744","0.7768","0.7431","","-3.49%"
"01/16/2011","0.7343","0.7500","0.7550","0.7338","","-1.78%"
"01/23/2011","0.7345","0.7332","0.7387","0.7268","","0.03%"
"01/30/2011","0.7360","0.7329","0.7384","0.7214","","0.20%"
"02/06/2011","0.7382","0.7368","0.7410","0.7276","","0.30%"
"02/13/2011","0.7299","0.7408","0.7448","0.7291","","-1.12%"
"02/20/2011","0.7272","0.7306","0.7393","0.7226","","-0.37%"
"02/27/2011","0.7151","0.7257","0.7293","0.7139","","-1.66%"
"03/06/2011","0.7190","0.7151","0.7272","0.7124","","0.55%"
"03/13/2011","0.7052","0.7155","0.7219","0.7049","","-1.92%"
"03/20/2011","0.7101","0.7040","0.7117","0.7018","","0.69%"
"03/27/2011","0.7027","0.7110","0.7140","0.7019","","-1.04%"
"04/03/2011","0.6906","0.7030","0.7067","0.6902","","-1.72%"
"04/10/2011","0.6929","0.6923","0.6962","0.6887","","0.33%"
"04/17/2011","0.6869","0.6981","0.7064","0.6825","","-0.87%"
"04/24/2011","0.6756","0.6864","0.6899","0.6720","","-1.65%"
"05/01/2011","0.6988","0.6745","0.6988","0.6693","","3.43%"
"05/08/2011","0.7082","0.6960","0.7110","0.6924","","1.35%"
"05/15/2011","0.7065","0.7083","0.7119","0.6970","","-0.24%"
"05/22/2011","0.6982","0.7097","0.7159","0.6981","","-1.17%"
"05/29/2011","0.6832","0.6994","0.7015","0.6829","","-2.15%"
"06/05/2011","0.6970","0.6848","0.6983","0.6804","","2.02%"
"06/12/2011","0.6988","0.6958","0.7106","0.6897","","0.26%"
"06/19/2011","0.7046","0.6998","0.7080","0.6924","","0.83%"
"06/26/2011","0.6885","0.7024","0.7091","0.6872","","-2.28%"
"07/03/2011","0.7008","0.6877","0.7040","0.6859","","1.79%"
"07/10/2011","0.7066","0.7081","0.7227","0.7001","","0.83%"
"07/17/2011","0.6966","0.7087","0.7137","0.6926","","-1.42%"
"07/24/2011","0.6947","0.6952","0.7028","0.6879","","-0.27%"
"07/31/2011","0.7002","0.6990","0.7115","0.6919","","0.79%"
"08/07/2011","0.7018","0.7003","0.7091","0.6943","","0.23%"
"08/14/2011","0.6946","0.6967","0.7014","0.6888","","-1.03%"
"08/21/2011","0.6897","0.6961","0.6980","0.6896","","-0.71%"
"08/28/2011","0.7040","0.6896","0.7051","0.6873","","2.07%"
"09/04/2011","0.7324","0.7078","0.7339","0.7004","","4.03%"
"09/11/2011","0.7247","0.7343","0.7408","0.7175","","-1.05%"
"09/18/2011","0.7409","0.7312","0.7472","0.7252","","2.24%"
"09/25/2011","0.7471","0.7395","0.7484","0.7305","","0.84%"
"10/02/2011","0.7475","0.7546","0.7607","0.7393","","0.05%"
"10/09/2011","0.7206","0.7396","0.7475","0.7197","","-3.60%"
"10/16/2011","0.7196","0.7239","0.7325","0.7186","","-0.14%"
"10/23/2011","0.7068","0.7196","0.7248","0.7019","","-1.78%"
"10/30/2011","0.7249","0.7142","0.7349","0.7057","","2.56%"
"11/06/2011","0.7272","0.7244","0.7417","0.7216","","0.32%"
"11/13/2011","0.7400","0.7290","0.7451","0.7240","","1.76%"
"11/20/2011","0.7555","0.7406","0.7569","0.7370","","2.09%"
"11/27/2011","0.7462","0.7511","0.7542","0.7381","","-1.23%"
"12/04/2011","0.7475","0.7452","0.7530","0.7414","","0.17%"
"12/11/2011","0.7671","0.7527","0.7725","0.7470","","2.62%"
"12/18/2011","0.7666","0.7680","0.7703","0.7577","","-0.07%"
"12/25/2011","0.7728","0.7663","0.7777","0.7643","","0.81%"
"01/01/2012","0.7862","0.7731","0.7876","0.7647","","1.73%"
"01/08/2012","0.7891","0.7856","0.7922","0.7764","","0.37%"
"01/15/2012","0.7732","0.7905","0.7921","0.7700","","-2.01%"
"01/22/2012","0.7561","0.7722","0.7770","0.7559","","-2.21%"
"01/29/2012","0.7608","0.7587","0.7678","0.7558","","0.62%"
"02/05/2012","0.7587","0.7622","0.7676","0.7506","","-0.28%"
"02/12/2012","0.7604","0.7575","0.7708","0.7528","","0.22%"
"02/19/2012","0.7431","0.7568","0.7591","0.7414","","-2.28%"
"02/26/2012","0.7577","0.7445","0.7584","0.7415","","1.96%"
"03/04/2012","0.7623","0.7574","0.7636","0.7523","","0.61%"
"03/11/2012","0.7591","0.7615","0.7690","0.7580","","-0.42%"
"03/18/2012","0.7534","0.7570","0.7614","0.7522","","-0.75%"
"03/25/2012","0.7494","0.7511","0.7581","0.7470","","-0.53%"
"04/01/2012","0.7636","0.7495","0.7672","0.7473","","1.89%"
"04/08/2012","0.7647","0.7632","0.7673","0.7568","","0.14%"
"04/15/2012","0.7563","0.7633","0.7696","0.7560","","-1.10%"
"04/22/2012","0.7545","0.7580","0.7632","0.7535","","-0.24%"
"04/29/2012","0.7643","0.7553","0.7645","0.7528","","1.30%"
"05/06/2012","0.7742","0.7674","0.7749","0.7653","","1.30%"
"05/13/2012","0.7823","0.7762","0.7911","0.7749","","1.05%"
"05/20/2012","0.7989","0.7823","0.8003","0.7797","","2.12%"
"05/27/2012","0.8043","0.7957","0.8138","0.7921","","0.68%"
"06/03/2012","0.7989","0.8044","0.8074","0.7921","","-0.67%"
"06/10/2012","0.7913","0.7901","0.8038","0.7893","","-0.95%"
"06/17/2012","0.7956","0.7860","0.7988","0.7844","","0.54%"
"06/24/2012","0.7899","0.7966","0.8060","0.7878","","-0.72%"
"07/01/2012","0.8138","0.7891","0.8157","0.7890","","3.03%"
"07/08/2012","0.8162","0.8149","0.8223","0.8107","","0.29%"
"07/15/2012","0.8227","0.8159","0.8234","0.8115","","0.80%"
"07/22/2012","0.8116","0.8250","0.8305","0.8071","","-1.35%"
"07/29/2012","0.8072","0.8126","0.8242","0.8062","","-0.54%"
"08/05/2012","0.8135","0.8066","0.8170","0.8036","","0.78%"
"08/12/2012","0.8107","0.8139","0.8160","0.8073","","-0.34%"
"08/19/2012","0.7992","0.8102","0.8134","0.7943","","-1.42%"
"08/26/2012","0.7949","0.7995","0.8023","0.7913","","-0.54%"
"09/02/2012","0.7801","0.7948","0.8000","0.7801","","-1.86%"
"09/09/2012","0.7617","0.7808","0.7841","0.7593","","-2.36%"
"09/16/2012","0.7706","0.7618","0.7741","0.7593","","1.17%"
"09/23/2012","0.7778","0.7706","0.7795","0.7704","","0.93%"
"09/30/2012","0.7673","0.7784","0.7810","0.7650","","-1.35%"
"10/07/2012","0.7720","0.7679","0.7797","0.7676","","0.61%"
"10/14/2012","0.7677","0.7717","0.7758","0.7611","","-0.56%"
"10/21/2012","0.7725","0.7678","0.7763","0.7643","","0.63%"
"10/28/2012","0.7791","0.7727","0.7800","0.7679","","0.85%"
"11/04/2012","0.7866","0.7800","0.7881","0.7766","","0.96%"
"11/11/2012","0.7851","0.7866","0.7898","0.7811","","-0.19%"
"11/18/2012","0.7709","0.7843","0.7853","0.7698","","-1.81%"
"11/25/2012","0.7689","0.7714","0.7764","0.7676","","-0.26%"
"12/02/2012","0.7735","0.7705","0.7765","0.7618","","0.60%"
"12/09/2012","0.7599","0.7759","0.7761","0.7591","","-1.76%"
"12/16/2012","0.7584","0.7593","0.7608","0.7514","","-0.20%"
"12/23/2012","0.7564","0.7590","0.7594","0.7527","","-0.26%"
"12/30/2012","0.7651","0.7568","0.7694","0.7519","","1.15%"
"01/06/2013","0.7496","0.7646","0.7683","0.7482","","-2.03%"
"01/13/2013","0.7511","0.7483","0.7544","0.7460","","0.20%"
"01/20/2013","0.7432","0.7515","0.7539","0.7419","","-1.05%"
"01/27/2013","0.7326","0.7431","0.7454","0.7292","","-1.43%"
"02/03/2013","0.7483","0.7329","0.7489","0.7321","","2.14%"
"02/10/2013","0.7483","0.7485","0.7515","0.7396","","0.00%"
"02/17/2013","0.7585","0.7492","0.7608","0.7444","","1.36%"
"02/24/2013","0.7680","0.7567","0.7712","0.7508","","1.25%"
"03/03/2013","0.7693","0.7685","0.7719","0.7613","","0.17%"
"03/10/2013","0.7647","0.7696","0.7746","0.7629","","-0.60%"
"03/17/2013","0.7700","0.7741","0.7786","0.7687","","0.69%"
"03/24/2013","0.7800","0.7711","0.7843","0.7664","","1.30%"
"03/31/2013","0.7698","0.7806","0.7845","0.7669","","-1.31%"
"04/07/2013","0.7629","0.7696","0.7712","0.7611","","-0.90%"
"04/14/2013","0.7662","0.7626","0.7692","0.7574","","0.43%"
"04/21/2013","0.7676","0.7645","0.7719","0.7637","","0.18%"
"04/28/2013","0.7625","0.7674","0.7676","0.7552","","-0.66%"
"05/05/2013","0.7696","0.7625","0.7731","0.7579","","0.93%"
"05/12/2013","0.7789","0.7716","0.7815","0.7663","","1.21%"
"05/19/2013","0.7734","0.7801","0.7806","0.7693","","-0.71%"
"05/26/2013","0.7693","0.7733","0.7789","0.7655","","-0.53%"
"06/02/2013","0.7563","0.7736","0.7719","0.7515","","-1.69%"
"06/09/2013","0.7493","0.7571","0.7589","0.7468","","-0.93%"
"06/16/2013","0.7621","0.7494","0.7635","0.7454","","1.71%"
"06/23/2013","0.7687","0.7624","0.7702","0.7604","","0.87%"
"06/30/2013","0.7793","0.7686","0.7809","0.7645","","1.38%"
"07/07/2013","0.7652","0.7796","0.7840","0.7574","","-1.81%"
"07/14/2013","0.7609","0.7650","0.7696","0.7589","","-0.56%"
"07/21/2013","0.7531","0.7607","0.7615","0.7520","","-1.03%"
"07/28/2013","0.7529","0.7530","0.7582","0.7494","","-0.03%"
"08/04/2013","0.7494","0.7533","0.7558","0.7463","","-0.46%"
"08/11/2013","0.7502","0.7497","0.7573","0.7474","","0.11%"
"08/18/2013","0.7473","0.7503","0.7520","0.7434","","-0.39%"
"08/25/2013","0.7563","0.7472","0.7592","0.7463","","1.20%"
"09/01/2013","0.7588","0.7556","0.7632","0.7555","","0.33%"
"09/08/2013","0.7522","0.7593","0.7599","0.7504","","-0.87%"
"09/15/2013","0.7394","0.7514","0.7521","0.7370","","-1.70%"
"09/22/2013","0.7396","0.7383","0.7429","0.7372","","0.03%"
"09/29/2013","0.7376","0.7419","0.7425","0.7328","","-0.27%"
"10/06/2013","0.7385","0.7377","0.7416","0.7349","","0.12%"
"10/13/2013","0.7307","0.7383","0.7423","0.7297","","-1.06%"
"10/20/2013","0.7244","0.7307","0.7326","0.7230","","-0.86%"
"10/27/2013","0.7414","0.7245","0.7419","0.7237","","2.35%"
"11/03/2013","0.7479","0.7413","0.7521","0.7381","","0.88%"
"11/10/2013","0.7410","0.7484","0.7494","0.7405","","-0.92%"
"11/17/2013","0.7376","0.7406","0.7464","0.7365","","-0.46%"
"11/24/2013","0.7358","0.7380","0.7413","0.7341","","-0.24%"
"12/01/2013","0.7297","0.7358","0.7394","0.7295","","-0.83%"
"12/08/2013","0.7276","0.7284","0.7303","0.7241","","-0.29%"
"12/15/2013","0.7315","0.7278","0.7340","0.7240","","0.54%"
"12/22/2013","0.7277","0.7314","0.7324","0.7198","","-0.52%"
"12/29/2013","0.7359","0.7276","0.7363","0.7236","","1.13%"
"01/05/2014","0.7316","0.7358","0.7381","0.7306","","-0.58%"
"01/12/2014","0.7385","0.7315","0.7399","0.7300","","0.94%"
"01/19/2014","0.7312","0.7384","0.7403","0.7278","","-0.99%"
"01/26/2014","0.7414","0.7313","0.7419","0.7291","","1.39%"
"02/02/2014","0.7334","0.7412","0.7420","0.7331","","-1.08%"
"02/09/2014","0.7304","0.7336","0.7373","0.7291","","-0.41%"
"02/16/2014","0.7279","0.7307","0.7307","0.7261","","-0.34%"
"02/23/2014","0.7245","0.7280","0.7330","0.7234","","-0.47%"
"03/02/2014","0.7206","0.7254","0.7296","0.7186","","-0.54%"
"03/09/2014","0.7187","0.7207","0.7230","0.7160","","-0.26%"
"03/16/2014","0.7250","0.7190","0.7273","0.7169","","0.88%"
"03/23/2014","0.7272","0.7251","0.7297","0.7207","","0.30%"
"03/30/2014","0.7298","0.7270","0.7315","0.7236","","0.36%"
"04/06/2014","0.7202","0.7301","0.7306","0.7192","","-1.32%"
"04/13/2014","0.7239","0.7227","0.7252","0.7212","","0.51%"
"04/20/2014","0.7229","0.7239","0.7255","0.7218","","-0.14%"
"04/27/2014","0.7210","0.7227","0.7259","0.7200","","-0.26%"
"05/04/2014","0.7268","0.7210","0.7276","0.7146","","0.80%"
"05/11/2014","0.7303","0.7271","0.7328","0.7259","","0.48%"
"05/18/2014","0.7335","0.7298","0.7345","0.7281","","0.44%"
"05/25/2014","0.7337","0.7338","0.7361","0.7316","","0.03%"
"06/01/2014","0.7330","0.7334","0.7406","0.7311","","-0.10%"
"06/08/2014","0.7384","0.7329","0.7401","0.7316","","0.74%"
"06/15/2014","0.7353","0.7388","0.7401","0.7330","","-0.42%"
"06/22/2014","0.7327","0.7356","0.7367","0.7325","","-0.35%"
"06/29/2014","0.7356","0.7328","0.7362","0.7299","","0.40%"
"07/06/2014","0.7349","0.7354","0.7366","0.7325","","-0.10%"
"07/13/2014","0.7394","0.7351","0.7413","0.7331","","0.61%"
"07/20/2014","0.7446","0.7392","0.7451","0.7381","","0.70%"
"07/27/2014","0.7446","0.7445","0.7482","0.7438","","0.00%"
"08/03/2014","0.7457","0.7447","0.7501","0.7444","","0.15%"
"08/10/2014","0.7464","0.7463","0.7499","0.7454","","0.09%"
"08/17/2014","0.7551","0.7467","0.7565","0.7463","","1.17%"
"08/24/2014","0.7615","0.7565","0.7615","0.7564","","0.85%"
"08/31/2014","0.7722","0.7612","0.7740","0.7599","","1.41%"
"09/07/2014","0.7713","0.7727","0.7776","0.7705","","-0.12%"
"09/14/2014","0.7795","0.7707","0.7796","0.7695","","1.06%"
"09/21/2014","0.7884","0.7796","0.7889","0.7751","","1.14%"
"09/28/2014","0.7989","0.7884","0.8000","0.7864","","1.33%"
"10/05/2014","0.7919","0.7995","0.7998","0.7817","","-0.88%"
"10/12/2014","0.7836","0.7914","0.7924","0.7760","","-1.05%"
"10/19/2014","0.7893","0.7837","0.7928","0.7788","","0.73%"
"10/26/2014","0.7985","0.7886","0.8009","0.7831","","1.17%"
"11/02/2014","0.8030","0.7989","0.8092","0.7951","","0.56%"
"11/09/2014","0.7985","0.8031","0.8069","0.7970","","-0.56%"
"11/16/2014","0.8071","0.7983","0.8082","0.7937","","1.08%"
"11/23/2014","0.8031","0.8079","0.8092","0.7979","","-0.50%"
"11/30/2014","0.8139","0.8031","0.8149","0.7995","","1.34%"
"12/07/2014","0.8025","0.8144","0.8166","0.8003","","-1.40%"
"12/14/2014","0.8178","0.8024","0.8184","0.7956","","1.91%"
"12/21/2014","0.8213","0.8180","0.8221","0.8148","","0.43%"
"12/28/2014","0.8332","0.8209","0.8333","0.8182","","1.45%"
"01/04/2015","0.8445","0.8332","0.8508","0.8328","","1.36%"
"01/11/2015","0.8644","0.8448","0.8726","0.8424","","2.36%"
"01/18/2015","0.8922","0.8658","0.8997","0.8565","","3.22%"
"01/25/2015","0.8859","0.8939","0.9010","0.8754","","-0.71%"
"02/01/2015","0.8837","0.8862","0.8866","0.8671","","-0.25%"
"02/08/2015","0.8783","0.8837","0.8873","0.8739","","-0.61%"
"02/15/2015","0.8787","0.8782","0.8866","0.8733","","0.05%"
"02/22/2015","0.8932","0.8785","0.8949","0.8762","","1.65%"
"03/01/2015","0.9222","0.8939","0.9224","0.8896","","3.25%"
"03/08/2015","0.9529","0.9232","0.9559","0.9168","","3.33%"
"03/15/2015","0.9241","0.9529","0.9563","0.9097","","-3.02%"
"03/22/2015","0.9184","0.9226","0.9288","0.9048","","-0.62%"
"03/29/2015","0.9109","0.9183","0.9334","0.9068","","-0.82%"
"04/05/2015","0.9431","0.9099","0.9463","0.9061","","3.53%"
"04/12/2015","0.9254","0.9432","0.9506","0.9218","","-1.88%"
"04/19/2015","0.9197","0.9240","0.9382","0.9174","","-0.62%"
"04/26/2015","0.8928","0.9198","0.9243","0.8858","","-2.92%"
"05/03/2015","0.8925","0.8927","0.9037","0.8778","","-0.03%"
"05/10/2015","0.8732","0.8931","0.8985","0.8720","","-2.16%"
"05/17/2015","0.9077","0.8731","0.9089","0.8731","","3.95%"
"05/24/2015","0.9101","0.9087","0.9243","0.9082","","0.26%"
"05/31/2015","0.8999","0.9102","0.9186","0.8788","","-1.12%"
"06/07/2015","0.8874","0.8998","0.9024","0.8783","","-1.39%"
"06/14/2015","0.8808","0.8908","0.8938","0.8744","","-0.74%"
"06/21/2015","0.8956","0.8800","0.8985","0.8764","","1.68%"
"06/28/2015","0.8998","0.9060","0.9129","0.8866","","0.47%"
"07/05/2015","0.8957","0.9090","0.9161","0.8916","","-0.46%"
"07/12/2015","0.9235","0.9007","0.9236","0.8931","","3.10%"
"07/19/2015","0.9104","0.9231","0.9252","0.9075","","-1.42%"
"07/26/2015","0.9101","0.9113","0.9180","0.8985","","-0.03%"
"08/02/2015","0.9117","0.9116","0.9218","0.9094","","0.18%"
"08/09/2015","0.9004","0.9117","0.9153","0.8918","","-1.24%"
"08/16/2015","0.8780","0.9004","0.9078","0.8778","","-2.49%"
"08/23/2015","0.8945","0.8801","0.8965","0.8539","","1.88%"
"08/30/2015","0.8971","0.8948","0.9020","0.8824","","0.29%"
"09/06/2015","0.8819","0.8962","0.8992","0.8810","","-1.69%"
"09/13/2015","0.8846","0.8819","0.8918","0.8726","","0.31%"
"09/20/2015","0.8933","0.8860","0.9006","0.8826","","0.98%"
"09/27/2015","0.8921","0.8932","0.8981","0.8835","","-0.13%"
"10/04/2015","0.8804","0.8911","0.8952","0.8781","","-1.31%"
"10/11/2015","0.8814","0.8806","0.8823","0.8699","","0.11%"
"10/18/2015","0.9077","0.8809","0.9097","0.8782","","2.98%"
"10/25/2015","0.9087","0.9084","0.9179","0.9012","","0.11%"
"11/01/2015","0.9311","0.9068","0.9340","0.9048","","2.47%"
"11/08/2015","0.9277","0.9318","0.9369","0.9234","","-0.37%"
"11/15/2015","0.9394","0.9300","0.9419","0.9277","","1.26%"
"11/22/2015","0.9441","0.9393","0.9464","0.9354","","0.50%"
"11/29/2015","0.9186","0.9441","0.9489","0.9106","","-2.70%"
"12/06/2015","0.9100","0.9203","0.9264","0.9056","","-0.94%"
"12/13/2015","0.9202","0.9103","0.9259","0.9041","","1.12%"
"12/20/2015","0.9110","0.9205","0.9219","0.9103","","-1.00%"
"12/27/2015","0.9208","0.9129","0.9223","0.9097","","1.08%"
"01/03/2016","0.9148","0.9209","0.9337","0.9135","","-0.65%"
"01/10/2016","0.9161","0.9154","0.9256","0.9103","","0.14%"
"01/17/2016","0.9262","0.9159","0.9278","0.9111","","1.10%"
"01/24/2016","0.9228","0.9260","0.9270","0.9117","","-0.37%"
"01/31/2016","0.8962","0.9231","0.9248","0.8892","","-2.88%"
"02/07/2016","0.8881","0.8963","0.9021","0.8790","","-0.90%"
"02/14/2016","0.8981","0.8888","0.9038","0.8886","","1.13%"
"02/21/2016","0.9146","0.8987","0.9165","0.8980","","1.84%"
"02/28/2016","0.9088","0.9148","0.9239","0.9055","","-0.63%"
"03/06/2016","0.8968","0.9084","0.9241","0.8914","","-1.32%"
"03/13/2016","0.8873","0.8967","0.9045","0.8816","","-1.06%"
"03/20/2016","0.8956","0.8874","0.8974","0.8861","","0.94%"
"03/27/2016","0.8781","0.8958","0.8967","0.8743","","-1.95%"
"04/03/2016","0.8771","0.8778","0.8829","0.8730","","-0.11%"
"04/10/2016","0.8863","0.8766","0.8903","0.8722","","1.05%"
"04/17/2016","0.8902","0.8852","0.8915","0.8776","","0.44%"
"04/24/2016","0.8730","0.8905","0.8916","0.8726","","-1.93%"
"05/01/2016","0.8768","0.8737","0.8784","0.8609","","0.44%"
"05/08/2016","0.8845","0.8771","0.8864","0.8736","","0.88%"
"05/15/2016","0.8910","0.8842","0.8945","0.8812","","0.73%"
"05/22/2016","0.8997","0.8915","0.9003","0.8894","","0.98%"
"05/29/2016","0.8798","0.8997","0.9011","0.8789","","-2.21%"
"06/05/2016","0.8889","0.8809","0.8893","0.8759","","1.03%"
"06/12/2016","0.8868","0.8887","0.8985","0.8847","","-0.24%"
"06/19/2016","0.8996","0.8863","0.9165","0.8746","","1.44%"
"06/26/2016","0.8980","0.9032","0.9116","0.8953","","-0.18%"
"07/03/2016","0.9046","0.8975","0.9090","0.8941","","0.73%"
"07/10/2016","0.9062","0.9048","0.9079","0.8956","","0.18%"
"07/17/2016","0.9111","0.9056","0.9130","0.9020","","0.54%"
"07/24/2016","0.8950","0.9116","0.9131","0.8930","","-1.77%"
"07/31/2016","0.9021","0.8947","0.9054","0.8901","","0.79%"
"08/07/2016","0.8960","0.9020","0.9035","0.8911","","-0.68%"
"08/14/2016","0.8829","0.8958","0.8966","0.8798","","-1.46%"
"08/21/2016","0.8931","0.8847","0.8946","0.8806","","1.16%"
"08/28/2016","0.8964","0.8934","0.8991","0.8887","","0.37%"
"09/04/2016","0.8903","0.8966","0.8978","0.8828","","-0.68%"
"09/11/2016","0.8963","0.8903","0.8971","0.8862","","0.67%"
"09/18/2016","0.8908","0.8959","0.8993","0.8882","","-0.61%"
"09/25/2016","0.8896","0.8908","0.8968","0.8866","","-0.13%"
"10/02/2016","0.8928","0.8900","0.9007","0.8893","","0.36%"
"10/09/2016","0.9115","0.8931","0.9118","0.8926","","2.09%"
"10/16/2016","0.9188","0.9113","0.9210","0.9058","","0.80%"
"10/23/2016","0.9102","0.9190","0.9217","0.9097","","-0.94%"
"10/30/2016","0.8976","0.9102","0.9145","0.8972","","-1.38%"
"11/06/2016","0.9212","0.8980","0.9235","0.8849","","2.63%"
"11/13/2016","0.9445","0.9215","0.9462","0.9214","","2.53%"
"11/20/2016","0.9446","0.9448","0.9509","0.9382","","0.01%"
"11/27/2016","0.9370","0.9434","0.9477","0.9354","","-0.80%"
"12/04/2016","0.9468","0.9366","0.9519","0.9197","","1.05%"
"12/11/2016","0.9569","0.9476","0.9648","0.9372","","1.07%"
"12/18/2016","0.9564","0.9573","0.9661","0.9524","","-0.05%"
"12/25/2016","0.9510","0.9567","0.9643","0.9386","","-0.56%"
"01/01/2017","0.9494","0.9496","0.9671","0.9414","","-0.17%"
"01/08/2017","0.9395","0.9489","0.9567","0.9359","","-1.04%"
"01/15/2017","0.9344","0.9419","0.9453","0.9329","","-0.54%"
"01/22/2017","0.9347","0.9357","0.9384","0.9280","","0.03%"
"01/29/2017","0.9273","0.9354","0.9418","0.9234","","-0.79%"
"02/05/2017","0.9398","0.9274","0.9428","0.9256","","1.35%"
"02/12/2017","0.9422","0.9403","0.9505","0.9363","","0.26%"
"02/19/2017","0.9467","0.9420","0.9530","0.9404","","0.48%"
"02/26/2017","0.9414","0.9468","0.9529","0.9406","","-0.56%"
"03/05/2017","0.9371","0.9420","0.9502","0.9346","","-0.46%"
"03/12/2017","0.9313","0.9369","0.9435","0.9274","","-0.62%"
"03/19/2017","0.9261","0.9313","0.9330","0.9237","","-0.56%"
"03/26/2017","0.9387","0.9263","0.9390","0.9170","","1.36%"
"04/02/2017","0.9443","0.9381","0.9453","0.9355","","0.60%"
"04/09/2017","0.9424","0.9441","0.9462","0.9365","","-0.20%"
"04/16/2017","0.9322","0.9421","0.9432","0.9278","","-1.08%"
"04/23/2017","0.9177","0.9155","0.9242","0.9131","","-1.56%"
"04/30/2017","0.9093","0.9169","0.9196","0.9090","","-0.92%"
"05/07/2017","0.9149","0.9092","0.9226","0.9071","","0.62%"
"05/14/2017","0.8923","0.9152","0.9157","0.8919","","-2.47%"
"05/21/2017","0.8942","0.8927","0.8961","0.8874","","0.21%"
"05/28/2017","0.8864","0.8945","0.9002","0.8860","","-0.87%"
"06/04/2017","0.8932","0.8866","0.8956","0.8861","","0.77%"
"06/11/2017","0.8931","0.8933","0.8984","0.8852","","-0.01%"
"06/18/2017","0.8934","0.8929","0.8995","0.8916","","0.03%"
"06/25/2017","0.8752","0.8927","0.8952","0.8736","","-2.04%"
"07/02/2017","0.8771","0.8756","0.8840","0.8741","","0.22%"
"07/09/2017","0.8720","0.8778","0.8795","0.8703","","-0.58%"
"07/16/2017","0.8575","0.8723","0.8746","0.8559","","-1.66%"
"07/23/2017","0.8510","0.8577","0.8612","0.8491","","-0.76%"
"07/30/2017","0.8495","0.8520","0.8531","0.8397","","-0.18%"
"08/06/2017","0.8460","0.8498","0.8556","0.8441","","-0.41%"
"08/13/2017","0.8502","0.8470","0.8575","0.8446","","0.50%"
"08/20/2017","0.8387","0.8507","0.8525","0.8374","","-1.35%"
"08/27/2017","0.8433","0.8385","0.8459","0.8285","","0.55%"
"09/03/2017","0.8309","0.8433","0.8436","0.8269","","-1.47%"
"09/10/2017","0.8374","0.8305","0.8448","0.8305","","0.78%"
"09/17/2017","0.8370","0.8369","0.8431","0.8311","","-0.05%"
"09/24/2017","0.8465","0.8367","0.8535","0.8360","","1.14%"
"10/01/2017","0.8523","0.8462","0.8570","0.8462","","0.69%"
"10/08/2017","0.8458","0.8526","0.8534","0.8417","","-0.76%"
"10/15/2017","0.8485","0.8457","0.8526","0.8433","","0.32%"
"10/22/2017","0.8614","0.8494","0.8640","0.8448","","1.52%"
"10/29/2017","0.8614","0.8619","0.8626","0.8553","","0.00%"
"11/05/2017","0.8573","0.8614","0.8656","0.8563","","-0.48%"
"11/12/2017","0.8479","0.8572","0.8594","0.8431","","-1.10%"
"11/19/2017","0.8382","0.8481","0.8538","0.8372","","-1.14%"
"11/26/2017","0.8410","0.8381","0.8469","0.8360","","0.33%"
"12/03/2017","0.8501","0.8417","0.8526","0.8411","","1.08%"
"12/10/2017","0.8508","0.8497","0.8535","0.8429","","0.08%"
"12/17/2017","0.8433","0.8507","0.8520","0.8402","","-0.88%"
"12/24/2017","0.8335","0.8441","0.8444","0.8313","","-1.16%"
"12/31/2017","0.8313","0.8332","0.8337","0.8272","","-0.26%"
"01/07/2018","0.8206","0.8314","0.8392","0.8204","","-1.29%"
"01/14/2018","0.8182","0.8199","0.8221","0.8115","","-0.29%"
"01/21/2018","0.8051","0.8153","0.8188","0.7976","","-1.60%"
"01/28/2018","0.8025","0.8047","0.8107","0.7985","","-0.32%"
"02/04/2018","0.8174","0.8028","0.8194","0.8016","","1.86%"
"02/11/2018","0.8060","0.8160","0.8174","0.7965","","-1.39%"
"02/18/2018","0.8135","0.8059","0.8157","0.8042","","0.93%"
"02/25/2018","0.8119","0.8132","0.8227","0.8094","","-0.20%"
"03/04/2018","0.8126","0.8115","0.8151","0.8034","","0.09%"
"03/11/2018","0.8137","0.8123","0.8157","0.8056","","0.14%"
"03/18/2018","0.8096","0.8140","0.8171","0.8072","","-0.50%"
"03/25/2018","0.8115","0.8099","0.8141","0.8015","","0.23%"
"04/01/2018","0.8141","0.8115","0.8188","0.8100","","0.32%"
"04/08/2018","0.8110","0.8144","0.8157","0.8067","","-0.38%"
"04/15/2018","0.8138","0.8111","0.8164","0.8055","","0.35%"
"04/22/2018","0.8244","0.8138","0.8296","0.8136","","1.30%"
"04/29/2018","0.8362","0.8248","0.8396","0.8238","","1.43%"
"05/06/2018","0.8373","0.8367","0.8459","0.8348","","0.13%"
"05/13/2018","0.8491","0.8371","0.8512","0.8336","","1.41%"
"05/20/2018","0.8583","0.8502","0.8588","0.8453","","1.08%"
"05/27/2018","0.8576","0.8583","0.8689","0.8526","","-0.08%"
"06/03/2018","0.8498","0.8580","0.8582","0.8445","","-0.91%"
"06/10/2018","0.8614","0.8500","0.8664","0.8437","","1.37%"
"06/17/2018","0.8579","0.8614","0.8690","0.8565","","-0.41%"
"06/24/2018","0.8558","0.8579","0.8676","0.8532","","-0.24%"
"07/01/2018","0.8513","0.8584","0.8628","0.8497","","-0.53%"
"07/08/2018","0.8558","0.8514","0.8612","0.8481","","0.53%"
"07/15/2018","0.8533","0.8564","0.8641","0.8514","","-0.29%"
"07/22/2018","0.8579","0.8528","0.8606","0.8510","","0.54%"
"07/29/2018","0.8645","0.8577","0.8651","0.8513","","0.77%"
"08/05/2018","0.8764","0.8641","0.8783","0.8599","","1.38%"
"08/12/2018","0.8744","0.8781","0.8851","0.8736","","-0.23%"
"08/19/2018","0.8605","0.8740","0.8777","0.8591","","-1.59%"
"08/26/2018","0.8619","0.8598","0.8633","0.8522","","0.16%"
"09/02/2018","0.8656","0.8624","0.8674","0.8577","","0.43%"
"09/09/2018","0.8598","0.8652","0.8677","0.8531","","-0.67%"
"09/16/2018","0.8511","0.8603","0.8608","0.8471","","-1.01%"
"09/23/2018","0.8614","0.8511","0.8645","0.8463","","1.21%"
"09/30/2018","0.8678","0.8615","0.8724","0.8600","","0.74%"
"10/07/2018","0.8649","0.8681","0.8749","0.8612","","-0.33%"
"10/14/2018","0.8685","0.8652","0.8748","0.8604","","0.42%"
"10/21/2018","0.8768","0.8691","0.8823","0.8658","","0.96%"
"10/28/2018","0.8782","0.8767","0.8849","0.8729","","0.16%"
"11/04/2018","0.8822","0.8779","0.8837","0.8695","","0.46%"
"11/11/2018","0.8757","0.8826","0.8917","0.8755","","-0.74%"
"11/18/2018","0.8817","0.8767","0.8830","0.8716","","0.69%"
"11/25/2018","0.8837","0.8817","0.8877","0.8770","","0.23%"
"12/02/2018","0.8789","0.8839","0.8842","0.8753","","-0.54%"
"12/09/2018","0.8842","0.8771","0.8875","0.8738","","0.60%"
"12/16/2018","0.8794","0.8844","0.8851","0.8706","","-0.54%"
"12/23/2018","0.8739","0.8795","0.8817","0.8713","","-0.63%"
"12/30/2018","0.8776","0.8739","0.8843","0.8660","","0.42%"
"01/06/2019","0.8720","0.8779","0.8779","0.8643","","-0.64%"
"01/13/2019","0.8801","0.8719","0.8810","0.8701","","0.93%"
"01/20/2019","0.8767","0.8796","0.8859","0.8756","","-0.39%"
"01/27/2019","0.8730","0.8767","0.8781","0.8683","","-0.42%"
"02/03/2019","0.8826","0.8730","0.8835","0.8722","","1.10%"
"02/10/2019","0.8854","0.8828","0.8903","0.8815","","0.32%"
"02/17/2019","0.8816","0.8861","0.8870","0.8793","","-0.43%"
"02/24/2019","0.8790","0.8821","0.8831","0.8756","","-0.29%"
"03/03/2019","0.8896","0.8789","0.8948","0.8775","","1.21%"
"03/10/2019","0.8830","0.8898","0.8912","0.8813","","-0.74%"
"03/17/2019","0.8839","0.8832","0.8871","0.8734","","0.10%"
"03/24/2019","0.8914","0.8837","0.8922","0.8824","","0.85%"
"03/31/2019","0.8916","0.8915","0.8943","0.8884","","0.02%"
"04/07/2019","0.8848","0.8915","0.8919","0.8829","","-0.76%"
"04/14/2019","0.8890","0.8850","0.8908","0.8830","","0.47%"
"04/21/2019","0.8970","0.8894","0.9000","0.8878","","0.90%"
"04/28/2019","0.8927","0.8967","0.8981","0.8876","","-0.48%"
"05/05/2019","0.8901","0.8926","0.8961","0.8886","","-0.29%"
"05/12/2019","0.8961","0.8896","0.8966","0.8876","","0.67%"
"05/19/2019","0.8925","0.8962","0.9003","0.8918","","-0.40%"
"05/26/2019","0.8942","0.8932","0.8997","0.8916","","0.19%"
"06/02/2019","0.8824","0.8954","0.8964","0.8812","","-1.32%"
"06/09/2019","0.8922","0.8831","0.8928","0.8815","","1.11%"
"06/16/2019","0.8797","0.8916","0.8944","0.8789","","-1.40%"
"06/23/2019","0.8796","0.8802","0.8816","0.8762","","-0.01%"
"06/30/2019","0.8909","0.8795","0.8924","0.8791","","1.28%"
"07/07/2019","0.8873","0.8911","0.8934","0.8860","","-0.40%"
"07/14/2019","0.8911","0.8874","0.8929","0.8862","","0.43%"
"07/21/2019","0.8988","0.8915","0.9008","0.8908","","0.86%"
"07/28/2019","0.9002","0.8988","0.9069","0.8958","","0.16%"
"08/04/2019","0.8929","0.9007","0.9007","0.8889","","-0.81%"
"08/11/2019","0.9017","0.8926","0.9037","0.8904","","0.99%"
"08/18/2019","0.8973","0.9016","0.9049","0.8966","","-0.49%"
"08/25/2019","0.9099","0.8973","0.9122","0.8956","","1.40%"
"09/01/2019","0.9067","0.9101","0.9153","0.9021","","-0.35%"
"09/08/2019","0.9030","0.9071","0.9152","0.9001","","-0.41%"
"09/15/2019","0.9076","0.9020","0.9100","0.9015","","0.51%"
"09/22/2019","0.9142","0.9078","0.9171","0.9069","","0.73%"
"09/29/2019","0.9109","0.9141","0.9193","0.9091","","-0.36%"
"10/06/2019","0.9057","0.9111","0.9141","0.9039","","-0.57%"
"10/13/2019","0.8952","0.9055","0.9099","0.8950","","-1.16%"
"10/20/2019","0.9026","0.8975","0.9032","0.8945","","0.83%"
"10/27/2019","0.8955","0.9024","0.9031","0.8948","","-0.79%"
"11/03/2019","0.9075","0.8959","0.9078","0.8948","","1.34%"
"11/10/2019","0.9048","0.9073","0.9101","0.9043","","-0.30%"
"11/17/2019","0.9071","0.9048","0.9080","0.9011","","0.25%"
"11/24/2019","0.9077","0.9071","0.9107","0.9064","","0.07%"
"12/01/2019","0.9043","0.9080","0.9089","0.8996","","-0.37%"
"12/08/2019","0.8992","0.9046","0.9048","0.8928","","-0.56%"
"12/15/2019","0.9026","0.8991","0.9037","0.8948","","0.38%"
"12/22/2019","0.8948","0.9025","0.9034","0.8938","","-0.86%"
"12/29/2019","0.8959","0.8949","0.8989","0.8897","","0.12%"
"01/05/2020","0.8992","0.8955","0.9022","0.8923","","0.37%"
"01/12/2020","0.9018","0.8989","0.9021","0.8950","","0.29%"
"01/19/2020","0.9071","0.9016","0.9075","0.8994","","0.59%"
"01/26/2020","0.9014","0.9074","0.9098","0.9012","","-0.63%"
"02/02/2020","0.9137","0.9016","0.9140","0.9012","","1.36%"
"02/09/2020","0.9232","0.9132","0.9236","0.9126","","1.04%"
"02/16/2020","0.9221","0.9232","0.9280","0.9205","","-0.12%"
"02/23/2020","0.9069","0.9225","0.9255","0.9047","","-1.65%"
"03/01/2020","0.8861","0.9089","0.9089","0.8806","","-2.29%"
"03/08/2020","0.9004","0.8856","0.9047","0.8701","","1.61%"
"03/15/2020","0.9350","0.9022","0.9401","0.8899","","3.84%"
"03/22/2020","0.8975","0.9350","0.9402","0.8971","","-4.01%"
"03/29/2020","0.9252","0.8980","0.9283","0.8973","","3.09%"
"04/05/2020","0.9144","0.9248","0.9288","0.9131","","-1.17%"
"04/12/2020","0.9197","0.9140","0.9250","0.9098","","0.58%"
"04/19/2020","0.9241","0.9196","0.9323","0.9177","","0.48%"
"04/26/2020","0.9107","0.9252","0.9253","0.9076","","-1.45%"
"05/03/2020","0.9225","0.9107","0.9289","0.9107","","1.30%"
"05/10/2020","0.9246","0.9227","0.9281","0.9177","","0.23%"
"05/17/2020","0.9174","0.9246","0.9260","0.9083","","-0.78%"
"05/24/2020","0.9010","0.9173","0.9200","0.8972","","-1.79%"
"05/31/2020","0.8861","0.9012","0.9013","0.8784","","-1.65%"
"06/07/2020","0.8885","0.8859","0.8919","0.8755","","0.27%"
"06/14/2020","0.8947","0.8893","0.8954","0.8808","","0.70%"
"06/21/2020","0.8914","0.8941","0.8954","0.8811","","-0.37%"
"06/28/2020","0.8890","0.8908","0.8941","0.8847","","-0.27%"
"07/05/2020","0.8850","0.8896","0.8897","0.8794","","-0.45%"
"07/12/2020","0.8751","0.8850","0.8852","0.8732","","-1.12%"
"07/19/2020","0.8580","0.8765","0.8771","0.8577","","-1.95%"
"07/26/2020","0.8490","0.8587","0.8594","0.8397","","-1.05%"
"08/02/2020","0.8484","0.8487","0.8550","0.8392","","-0.07%"
"08/09/2020","0.8444","0.8484","0.8539","0.8428","","-0.47%"
"08/16/2020","0.8477","0.8446","0.8508","0.8357","","0.39%"
"08/23/2020","0.8400","0.8484","0.8502","0.8389","","-0.91%"
"08/30/2020","0.8447","0.8404","0.8489","0.8325","","0.56%"
"09/06/2020","0.8441","0.8451","0.8509","0.8391","","-0.07%"
"09/13/2020","0.8447","0.8446","0.8521","0.8403","","0.07%"
"09/20/2020","0.8597","0.8441","0.8612","0.8423","","1.78%"
"09/27/2020","0.8536","0.8593","0.8610","0.8496","","-0.71%"
"10/04/2020","0.8456","0.8536","0.8542","0.8451","","-0.94%"
"10/11/2020","0.8533","0.8461","0.8556","0.8455","","0.91%"
"10/18/2020","0.8431","0.8532","0.8545","0.8417","","-1.20%"
"10/25/2020","0.8585","0.8434","0.8592","0.8431","","1.83%"
"11/01/2020","0.8422","0.8578","0.8618","0.8409","","-1.90%"
"11/08/2020","0.8451","0.8417","0.8515","0.8389","","0.34%"
"11/15/2020","0.8436","0.8454","0.8465","0.8407","","-0.18%"
"11/22/2020","0.8359","0.8437","0.8475","0.8358","","-0.91%"
"11/29/2020","0.8250","0.8363","0.8387","0.8211","","-1.30%"
"12/06/2020","0.8256","0.8245","0.8293","0.8219","","0.07%"
"12/13/2020","0.8159","0.8244","0.8254","0.8148","","-1.17%"
"12/20/2020","0.8193","0.8169","0.8244","0.8158","","0.42%"
"12/27/2020","0.8238","0.8196","0.8238","0.8123","","0.55%"
"01/03/2021","0.8184","0.8176","0.8202","0.8098","","-0.66%"
"01/10/2021","0.8279","0.8186","0.8283","0.8179","","1.16%"
"01/17/2021","0.8219","0.8275","0.8296","0.8203","","-0.72%"
"01/24/2021","0.8240","0.8219","0.8294","0.8208","","0.26%"
"01/31/2021","0.8303","0.8238","0.8367","0.8234","","0.76%"
"02/07/2021","0.8251","0.8305","0.8321","0.8231","","-0.63%"
"02/14/2021","0.8252","0.8249","0.8318","0.8217","","0.01%"
"02/21/2021","0.8281","0.8253","0.8291","0.8168","","0.35%"
"02/28/2021","0.8391","0.8279","0.8408","0.8255","","1.33%"
"03/07/2021","0.8366","0.8388","0.8450","0.8340","","-0.30%"
"03/14/2021","0.8401","0.8367","0.8422","0.8341","","0.42%"
"03/21/2021","0.8479","0.8404","0.8502","0.8370","","0.93%"
"03/28/2021","0.8501","0.8479","0.8545","0.8477","","0.26%"
"04/04/2021","0.8402","0.8503","0.8520","0.8384","","-1.16%"
"04/11/2021","0.8344","0.8410","0.8424","0.8337","","-0.69%"
"04/18/2021","0.8265","0.8345","0.8374","0.8264","","-0.95%"
"04/25/2021","0.8320","0.8269","0.8323","0.8230","","0.67%"
"05/02/2021","0.8221","0.8312","0.8343","0.8215","","-1.19%"
"05/09/2021","0.8236","0.8223","0.8298","0.8209","","0.18%"
"05/16/2021","0.8210","0.8238","0.8247","0.8166","","-0.32%"
"05/23/2021","0.8202","0.8212","0.8243","0.8152","","-0.10%"
"05/30/2021","0.8219","0.8202","0.8262","0.8160","","0.21%"
"06/06/2021","0.8259","0.8219","0.8270","0.8184","","0.49%"
"06/13/2021","0.8431","0.8258","0.8441","0.8231","","2.08%"
"06/20/2021","0.8379","0.8426","0.8441","0.8350","","-0.62%"
"06/27/2021","0.8428","0.8379","0.8470","0.8371","","0.58%"
"07/04/2021","0.8421","0.8431","0.8488","0.8407","","-0.08%"
"07/11/2021","0.8470","0.8424","0.8495","0.8417","","0.58%"
"07/18/2021","0.8495","0.8469","0.8510","0.8453","","0.30%"
"07/25/2021","0.8424","0.8491","0.8502","0.8397","","-0.84%"
"08/01/2021","0.8502","0.8429","0.8508","0.8403","","0.93%"
"08/08/2021","0.8480","0.8502","0.8543","0.8471","","-0.26%"
"08/15/2021","0.8549","0.8479","0.8574","0.8474","","0.81%"
"08/22/2021","0.8479","0.8552","0.8553","0.8473","","-0.82%"
"08/29/2021","0.8416","0.8480","0.8487","0.8397","","-0.74%"
"09/05/2021","0.8464","0.8419","0.8474","0.8412","","0.57%"
"09/12/2021","0.8528","0.8465","0.8530","0.8441","","0.76%"
"09/19/2021","0.8536","0.8524","0.8560","0.8506","","0.09%"
"09/26/2021","0.8624","0.8530","0.8649","0.8527","","1.03%"
"10/03/2021","0.8644","0.8626","0.8674","0.8591","","0.23%"
"10/10/2021","0.8621","0.8638","0.8678","0.8602","","-0.27%"
"10/17/2021","0.8585","0.8623","0.8643","0.8569","","-0.42%"
"10/24/2021","0.8649","0.8589","0.8670","0.8552","","0.75%"
"10/31/2021","0.8645","0.8652","0.8686","0.8608","","-0.05%"
"11/07/2021","0.8733","0.8655","0.8747","0.8614","","1.02%"
"11/14/2021","0.8858","0.8733","0.8889","0.8723","","1.43%"
"11/21/2021","0.8835","0.8856","0.8940","0.8825","","-0.26%"
"11/28/2021","0.8838","0.8848","0.8901","0.8785","","0.03%"
"12/05/2021","0.8840","0.8834","0.8907","0.8806","","0.02%"
"12/12/2021","0.8897","0.8837","0.8912","0.8802","","0.64%"
"12/19/2021","0.8835","0.8896","0.8902","0.8815","","-0.70%"
"12/26/2021","0.8796","0.8836","0.8871","0.8782","","-0.44%"
"01/02/2022","0.8802","0.8799","0.8872","0.8787","","0.07%"
"01/09/2022","0.8760","0.8809","0.8862","0.8708","","-0.48%"
"01/16/2022","0.8817","0.8762","0.8849","0.8745","","0.65%"
"01/23/2022","0.8973","0.8816","0.8993","0.8814","","1.77%"
"01/30/2022","0.8736","0.8972","0.8978","0.8708","","-2.64%"
"02/06/2022","0.8810","0.8720","0.8827","0.8699","","0.85%"
"02/13/2022","0.8832","0.8815","0.8866","0.8775","","0.25%"
"02/20/2022","0.8874","0.8838","0.9004","0.8779","","0.48%"
"02/27/2022","0.9152","0.8946","0.9186","0.8891","","3.13%"
"03/06/2022","0.9165","0.9130","0.9255","0.8992","","0.14%"
"03/13/2022","0.9050","0.9139","0.9174","0.8978","","-1.25%"
"03/20/2022","0.9105","0.9042","0.9124","0.9033","","0.61%"
"03/27/2022","0.9046","0.9100","0.9138","0.8940","","-0.65%"
"04/03/2022","0.9193","0.9059","0.9229","0.9045","","1.63%"
"04/10/2022","0.9253","0.9145","0.9296","0.9131","","0.65%"
"04/17/2022","0.9264","0.9255","0.9294","0.9143","","0.12%"
"04/24/2022","0.9485","0.9224","0.9550","0.9223","","2.39%"
"05/01/2022","0.9476","0.9479","0.9540","0.9397","","-0.09%"
"05/08/2022","0.9604","0.9478","0.9663","0.9440","","1.35%"
"05/15/2022","0.9468","0.9611","0.9626","0.9427","","-1.42%"
"05/22/2022","0.9321","0.9459","0.9472","0.9289","","-1.55%"
"05/29/2022","0.9328","0.9314","0.9411","0.9270","","0.08%"
"06/05/2022","0.9509","0.9327","0.9519","0.9281","","1.94%"
"06/12/2022","0.9524","0.9512","0.9654","0.9432","","0.16%"
"06/19/2022","0.9473","0.9549","0.9553","0.9429","","-0.54%"
"06/26/2022","0.9589","0.9474","0.9647","0.9421","","1.22%"
"07/03/2022","0.9818","0.9593","0.9929","0.9557","","2.39%"
"07/10/2022","0.9912","0.9830","1.0048","0.9819","","0.96%"
"07/17/2022","0.9792","0.9916","0.9923","0.9729","","-1.21%"
"07/24/2022","0.9785","0.9792","0.9905","0.9748","","-0.07%"
"07/31/2022","0.9820","0.9787","0.9879","0.9714","","0.36%"
"08/07/2022","0.9747","0.9825","0.9844","0.9644","","-0.74%"
"08/14/2022","0.9964","0.9744","0.9969","0.9738","","2.23%"
"08/21/2022","1.0037","0.9959","1.0101","0.9911","","0.73%"
"08/28/2022","1.0047","1.0017","1.0091","0.9922","","0.10%"
"09/04/2022","0.9959","1.0050","1.0139","0.9888","","-0.88%"
"09/11/2022","0.9983","0.9921","1.0056","0.9806","","0.24%"
"09/18/2022","1.0318","0.9988","1.0344","0.9949","","3.36%"
"09/25/2022","1.0203","1.0325","1.0487","1.0147","","-1.11%"
"10/02/2022","1.0264","1.0204","1.0282","1.0000","","0.60%"
"10/09/2022","1.0287","1.0271","1.0383","1.0195","","0.22%"
"10/16/2022","1.0140","1.0282","1.0305","1.0126","","-1.43%"
"10/23/2022","1.0035","1.0135","1.0198","0.9907","","-1.04%"
"10/30/2022","1.0038","1.0053","1.0278","1.0023","","0.03%"
"11/06/2022","0.9658","1.0091","1.0102","0.9648","","-3.79%"
"11/13/2022","0.9686","0.9647","0.9736","0.9541","","0.29%"
"11/20/2022","0.9618","0.9692","0.9783","0.9570","","-0.70%"
"11/27/2022","0.9488","0.9632","0.9719","0.9483","","-1.35%"
"12/04/2022","0.9495","0.9509","0.9577","0.9438","","0.07%"
"12/11/2022","0.9448","0.9499","0.9518","0.9314","","-0.49%"
"12/18/2022","0.9420","0.9442","0.9459","0.9382","","-0.30%"
"12/25/2022","0.9343","0.9424","0.9431","0.9334","","-0.82%"
"01/01/2023","0.9394","0.9344","0.9539","0.9339","","0.55%"
"01/08/2023","0.9234","0.9401","0.9402","0.9201","","-1.70%"
"01/15/2023","0.9212","0.9230","0.9289","0.9184","","-0.24%"
"01/22/2023","0.9201","0.9208","0.9230","0.9149","","-0.12%"
"01/29/2023","0.9264","0.9196","0.9267","0.9063","","0.68%"
"02/05/2023","0.9364","0.9268","0.9376","0.9260","","1.08%"
"02/12/2023","0.9351","0.9364","0.9423","0.9255","","-0.14%"
"02/19/2023","0.9481","0.9357","0.9492","0.9341","","1.39%"
"02/26/2023","0.9404","0.9487","0.9495","0.9353","","-0.81%"
"03/05/2023","0.9395","0.9417","0.9502","0.9345","","-0.10%"
"03/12/2023","0.9374","0.9393","0.9510","0.9294","","-0.22%"
"03/19/2023","0.9293","0.9349","0.9407","0.9149","","-0.86%"
"03/26/2023","0.9225","0.9288","0.9307","0.9152","","-0.73%"
"04/02/2023","0.9175","0.9219","0.9270","0.9113","","-0.54%"
"04/09/2023","0.9090","0.9174","0.9233","0.9028","","-0.93%"
"04/16/2023","0.9100","0.9100","0.9167","0.9091","","0.11%"
"04/23/2023","0.9073","0.9099","0.9123","0.9012","","-0.30%"
"04/30/2023","0.9075","0.9062","0.9140","0.9015","","0.02%"
"05/07/2023","0.9217","0.9064","0.9219","0.9046","","1.56%"
"05/14/2023","0.9256","0.9212","0.9294","0.9170","","0.42%"
"05/21/2023","0.9324","0.9247","0.9345","0.9232","","0.73%"
"05/28/2023","0.9339","0.9323","0.9404","0.9277","","0.16%"
"06/04/2023","0.9303","0.9336","0.9375","0.9270","","-0.39%"
"06/11/2023","0.9142","0.9302","0.9318","0.9115","","-1.73%"
"06/18/2023","0.9182","0.9139","0.9223","0.9081","","0.44%"
"06/25/2023","0.9165","0.9178","0.9230","0.9110","","-0.19%"
"07/02/2023","0.9117","0.9166","0.9231","0.9112","","-0.52%"
"07/09/2023","0.8906","0.9115","0.9138","0.8893","","-2.31%"
"07/16/2023","0.8991","0.8901","0.9003","0.8868","","0.95%"
"07/23/2023","0.9078","0.8988","0.9138","0.8968","","0.97%"
"07/30/2023","0.9082","0.9072","0.9165","0.9053","","0.04%"
"08/06/2023","0.9136","0.9076","0.9151","0.9037","","0.59%"
"08/13/2023","0.9201","0.9130","0.9222","0.9124","","0.71%"
"08/20/2023","0.9258","0.9193","0.9289","0.9148","","0.62%"
"08/27/2023","0.9281","0.9259","0.9284","0.9136","","0.25%"
"09/03/2023","0.9346","0.9279","0.9358","0.9251","","0.70%"
"09/10/2023","0.9384","0.9333","0.9407","0.9286","","0.41%"
"09/17/2023","0.9386","0.9378","0.9422","0.9313","","0.02%"
"09/24/2023","0.9459","0.9386","0.9536","0.9384","","0.78%"
"10/01/2023","0.9445","0.9463","0.9571","0.9434","","-0.15%"
"10/08/2023","0.9514","0.9467","0.9528","0.9398","","0.73%"
"10/15/2023","0.9439","0.9518","0.9518","0.9419","","-0.79%"
"10/22/2023","0.9465","0.9440","0.9504","0.9351","","0.28%"
"10/29/2023","0.9319","0.9465","0.9509","0.9305","","-1.54%"
"11/05/2023","0.9361","0.9321","0.9385","0.9296","","0.45%"
"11/12/2023","0.9167","0.9360","0.9377","0.9160","","-2.07%"
"11/19/2023","0.9140","0.9164","0.9216","0.9120","","-0.29%"
"11/26/2023","0.9189","0.9144","0.9235","0.9076","","0.54%"
"12/03/2023","0.9291","0.9186","0.9326","0.9178","","1.11%"
"12/10/2023","0.9178","0.9292","0.9310","0.9083","","-1.22%"
"12/17/2023","0.9081","0.9172","0.9182","0.9057","","-1.06%"
"12/24/2023","0.9061","0.9077","0.9097","0.8976","","-0.22%"
"12/31/2023","0.9139","0.9055","0.9194","0.9052","","0.86%"
"01/07/2024","0.9132","0.9136","0.9166","0.9098","","-0.08%"
"01/14/2024","0.9176","0.9129","0.9222","0.9117","","0.48%"
"01/21/2024","0.9213","0.9182","0.9249","0.9147","","0.40%"
"01/28/2024","0.9272","0.9219","0.9277","0.9176","","0.64%"
"02/04/2024","0.9273","0.9273","0.9326","0.9263","","0.01%"
"02/11/2024","0.9280","0.9276","0.9351","0.9254","","0.08%"
"02/18/2024","0.9242","0.9280","0.9293","0.9184","","-0.41%"
"02/25/2024","0.9226","0.9237","0.9264","0.9203","","-0.17%"
"03/03/2024","0.9142","0.9223","0.9227","0.9106","","-0.91%"
"03/10/2024","0.9184","0.9138","0.9198","0.9121","","0.46%"
"03/17/2024","0.9254","0.9181","0.9258","0.9138","","0.76%"
"03/24/2024","0.9266","0.9253","0.9288","0.9204","","0.13%"
"03/31/2024","0.9228","0.9270","0.9325","0.9194","","-0.41%"
"04/07/2024","0.9395","0.9223","0.9415","0.9186","","1.81%"
"04/14/2024","0.9385","0.9401","0.9434","0.9354","","-0.11%"
"04/21/2024","0.9351","0.9385","0.9414","0.9299","","-0.36%"
"04/28/2024","0.9294","0.9350","0.9391","0.9248","","-0.61%"
"05/05/2024","0.9284","0.9292","0.9326","0.9267","","-0.11%"
"05/12/2024","0.9198","0.9282","0.9289","0.9178","","-0.93%"
"05/19/2024","0.9219","0.9203","0.9256","0.9187","","0.23%"
"05/26/2024","0.9223","0.9214","0.9270","0.9183","","0.04%"
"06/02/2024","0.9258","0.9216","0.9260","0.9161","","0.38%"
"06/09/2024","0.9344","0.9262","0.9375","0.9214","","0.93%"
"06/16/2024","0.9352","0.9344","0.9372","0.9292","","0.09%"
"06/23/2024","0.9333","0.9357","0.9376","0.9305","","-0.20%"
"06/30/2024","0.9227","0.9320","0.9338","0.9222","","-1.14%"
"07/07/2024","0.9168","0.9252","0.9258","0.9164","","-0.64%"
"07/14/2024","0.9192","0.9185","0.9199","0.9134","","0.26%"
"07/21/2024","0.9210","0.9190","0.9238","0.9172","","0.20%"
"07/28/2024","0.9165","0.9205","0.9280","0.9152","","-0.49%"
"08/04/2024","0.9161","0.9156","0.9190","0.9084","","-0.04%"
"08/11/2024","0.9068","0.9162","0.9166","0.9052","","-1.02%"
"08/18/2024","0.8936","0.9071","0.9073","0.8929","","-1.46%"
"08/25/2024","0.9052","0.8939","0.9055","0.8927","","1.30%"
"09/01/2024","0.9022","0.9053","0.9070","0.8965","","-0.33%"
"09/08/2024","0.9029","0.9024","0.9089","0.9008","","0.08%"
"09/15/2024","0.8959","0.9027","0.9035","0.8937","","-0.78%"
"09/22/2024","0.8958","0.8959","0.9023","0.8918","","-0.01%"
"09/29/2024","0.9110","0.8962","0.9132","0.8922","","1.70%"
"10/06/2024","0.9143","0.9111","0.9175","0.9093","","0.36%"
"10/13/2024","0.9203","0.9147","0.9250","0.9143","","0.66%"
"10/20/2024","0.9264","0.9207","0.9293","0.9198","","0.66%"
"10/27/2024","0.9231","0.9262","0.9286","0.9170","","-0.36%"
"11/03/2024","0.9330","0.9197","0.9362","0.9143","","1.07%"
"11/10/2024","0.9487","0.9334","0.9527","0.9321","","1.68%"
"11/17/2024","0.9596","0.9492","0.9677","0.9425","","1.15%"
"11/24/2024","0.9455","0.9551","0.9592","0.9436","","-1.47%"
"12/01/2024","0.9462","0.9455","0.9560","0.9407","","0.07%"
"12/08/2024","0.9522","0.9467","0.9567","0.9439","","0.63%"
"12/15/2024","0.9588","0.9527","0.9669","0.9492","","0.69%"
"12/22/2024","0.9590","0.9592","0.9631","0.9573","","0.02%"
"12/29/2024","0.9701","0.9585","0.9781","0.9562","","1.16%"
"01/05/2025","0.9761","0.9706","0.9789","0.9581","","0.62%"
"01/12/2025","0.9736","0.9765","0.9826","0.9657","","-0.26%"
"01/19/2025","0.9529","0.9732","0.9741","0.9503","","-2.13%"
"01/26/2025","0.9650","0.9537","0.9662","0.9494","","1.27%"
"02/02/2025","0.9683","0.9720","0.9793","0.9576","","0.34%"
"02/09/2025","0.9530","0.9686","0.9728","0.9511","","-1.58%"
"02/16/2025","0.9561","0.9534","0.9615","0.9518","","0.33%"
"02/23/2025","0.9638","0.9530","0.9653","0.9498","","0.81%"
"03/02/2025","0.9231","0.9632","0.9633","0.9183","","-4.22%"
"03/09/2025","0.9191","0.9230","0.9255","0.9135","","-0.43%"
"03/16/2025","0.9247","0.9194","0.9262","0.9128","","0.61%"
"03/23/2025","0.9235","0.9252","0.9318","0.9209","","-0.13%"
"03/30/2025","0.9128","0.9241","0.9279","0.8972","","-1.16%"
"04/06/2025","0.8803","0.9178","0.9189","0.8715","","-3.56%"
"04/13/2025","0.8778","0.8859","0.8878","0.8753","","-0.28%"
"04/20/2025","0.8799","0.8782","0.8844","0.8640","","0.24%"
"04/27/2025","0.8853","0.8797","0.8876","0.8753","","0.61%"
"05/04/2025","0.8891","0.8848","0.8932","0.8787","","0.43%"
"05/11/2025","0.8958","0.8914","0.9038","0.8876","","0.75%"
"05/18/2025","0.8799","0.8952","0.8953","0.8791","","-1.77%"
"05/25/2025","0.8812","0.8799","0.8921","0.8758","","0.15%"
"06/01/2025","0.8776","0.8816","0.8816","0.8699","","-0.41%"
"06/08/2025","0.8657","0.8773","0.8793","0.8597","","-1.36%"
"06/15/2025","0.8679","0.8674","0.8737","0.8610","","0.25%"
"06/22/2025","0.8533","0.8711","0.8732","0.8507","","-1.68%"
"06/29/2025","0.8490","0.8537","0.8544","0.8453","","-0.50%"
"07/06/2025","0.8555","0.8490","0.8575","0.8481","","0.77%"
"07/13/2025","0.8602","0.8578","0.8653","0.8531","","0.55%"
"07/20/2025","0.8517","0.8601","0.8610","0.8482","","-0.99%"
"07/27/2025","0.8632","0.8513","0.8779","0.8494","","1.35%"
"08/03/2025","0.8591","0.8637","0.8676","0.8547","","-0.47%"
"08/10/2025","0.8549","0.8590","0.8628","0.8525","","-0.49%"
"08/17/2025","0.8535","0.8552","0.8634","0.8515","","-0.16%"
"08/24/2025","0.8558","0.8535","0.8640","0.8526","","0.27%"
"08/31/2025","0.8534","0.8558","0.8615","0.8503","","-0.28%"
"09/07/2025","0.8523","0.8534","0.8575","0.8489","","-0.13%"
"09/14/2025","0.8514","0.8523","0.8536","0.8390","","-0.11%"
"09/21/2025","0.8546","0.8514","0.8587","0.8460","","0.38%"
"09/28/2025","0.8516","0.8546","0.8560","0.8490","","-0.35%"
"10/05/2025","0.8606","0.8516","0.8664","0.8516","","1.06%"
"10/12/2025","0.8583","0.8606","0.8665","0.8526","","-0.27%"
"10/19/2025","0.8602","0.8575","0.8638","0.8564","","0.22%"
"10/26/2025","0.8669","0.8602","0.8680","0.8570","","0.78%"
"11/02/2025","0.8646","0.8669","0.8720","0.8627","","-0.27%"
"11/09/2025","0.8645","0.8651","0.8664","0.8617","","-0.02%"